日期,开盘,最高,最低,收盘,成交量,成交额,振幅,涨跌幅,涨跌额,换手率,IOPV,折价率,溢价率,ETF代码,ETF名称,爬取时间
2022-03-07,5.146,5.146,4.983,5.036,12700.0,63957.2,3.27,-2.14,-0.11,0.0,0.0,0.0,0.0,159916.0,159916,2026/4/27 12:13:23
2022-03-08,5.066,5.068,4.851,4.856,37300.0,181128.8,4.47,-3.57,-0.18,0.0,0.0,0.0,0.0,159916.0,159916,2026/4/27 12:13:23
2022-03-09,4.856,4.877,4.611,4.754,10710.0,50915.34,5.77,-2.1,-0.1,0.0,0.0,0.0,0.0,159916.0,159916,2026/4/27 12:13:23
2022-03-10,4.77,4.861,4.769,4.769,36200.0,172637.8,1.93,0.32,0.02,0.0,0.0,0.0,0.0,159916.0,159916,2026/4/27 12:13:23
2022-03-11,4.68,5.233,4.613,4.8,20928.0,100454.4,13.44,0.65,0.03,0.0,0.0,0.0,0.0,159916.0,159916,2026/4/27 12:13:23
2022-03-14,4.849,4.849,4.747,4.77,7600.0,36252.0,2.15,-0.63,-0.03,0.0,0.0,0.0,0.0,159916.0,159916,2026/4/27 12:13:23
2022-03-15,4.611,4.837,4.441,4.441,57400.0,254913.4,8.92,-6.9,-0.33,0.0,0.0,0.0,0.0,159916.0,159916,2026/4/27 12:13:23
2022-03-16,4.549,4.65,4.392,4.639,20800.0,96491.2,5.87,4.46,0.2,0.0,0.0,0.0,0.0,159916.0,159916,2026/4/27 12:13:23
2022-03-17,4.783,4.783,4.648,4.656,2800.0,13036.8,2.9,0.37,0.02,0.0,0.0,0.0,0.0,159916.0,159916,2026/4/27 12:13:23
2022-03-18,4.738,4.795,4.65,4.795,4600.0,22057.0,3.12,2.99,0.14,0.0,0.0,0.0,0.0,159916.0,159916,2026/4/27 12:13:23
2022-03-21,4.897,4.897,4.71,4.785,11800.0,56463.0,3.97,-0.21,-0.01,0.0,0.0,0.0,0.0,159916.0,159916,2026/4/27 12:13:23
2022-03-22,4.681,4.86,4.681,4.763,23000.0,109549.0,3.82,-0.46,-0.02,0.0,0.0,0.0,0.0,159916.0,159916,2026/4/27 12:13:23
2022-03-23,4.763,4.868,4.763,4.868,22500.0,109530.0,2.2,2.2,0.11,0.0,0.0,0.0,0.0,159916.0,159916,2026/4/27 12:13:23
2022-03-24,4.829,4.829,4.771,4.824,3800.0,18331.2,1.22,-0.9,-0.04,0.0,0.0,0.0,0.0,159916.0,159916,2026/4/27 12:13:23
2022-03-25,4.836,4.836,4.75,4.75,10400.0,49400.0,1.81,-1.53,-0.07,0.0,0.0,0.0,0.0,159916.0,159916,2026/4/27 12:13:23
2022-03-28,4.75,4.75,4.711,4.75,1600.0,7600.0,0.83,0.0,0.0,0.0,0.0,0.0,0.0,159916.0,159916,2026/4/27 12:13:23
2022-03-29,4.731,4.837,4.731,4.819,1000.0,4819.0,2.24,1.45,0.07,0.0,0.0,0.0,0.0,159916.0,159916,2026/4/27 12:13:23
2022-03-30,4.764,4.851,4.764,4.851,19800.0,96049.8,1.83,0.66,0.03,0.0,0.0,0.0,0.0,159916.0,159916,2026/4/27 12:13:23
2022-03-31,4.813,4.938,4.813,4.9,13900.0,68110.0,2.6,1.01,0.05,0.0,0.0,0.0,0.0,159916.0,159916,2026/4/27 12:13:23
2022-04-01,4.85,4.972,4.85,4.97,10300.0,51191.0,2.52,1.43,0.07,0.0,0.0,0.0,0.0,159916.0,159916,2026/4/27 12:13:23
2022-04-06,5.031,5.079,4.984,5.079,11900.0,60440.1,1.91,2.19,0.11,0.0,0.0,0.0,0.0,159916.0,159916,2026/4/27 12:13:23
2022-04-07,5.079,5.079,4.94,4.944,13700.0,67732.8,2.81,-2.66,-0.13,0.0,0.0,0.0,0.0,159916.0,159916,2026/4/27 12:13:23
2022-04-08,4.983,4.99,4.911,4.969,21000.0,104349.0,1.61,0.51,0.03,0.0,0.0,0.0,0.0,159916.0,159916,2026/4/27 12:13:23
2022-04-11,4.957,4.973,4.881,4.915,1500.0,7372.5,1.88,-1.09,-0.05,0.0,0.0,0.0,0.0,159916.0,159916,2026/4/27 12:13:23
2022-04-12,4.915,4.961,4.893,4.957,3300.0,16358.1,1.39,0.85,0.04,0.0,0.0,0.0,0.0,159916.0,159916,2026/4/27 12:13:23
2022-04-13,4.916,4.916,4.913,4.913,200.0,982.6,0.06,-0.89,-0.04,0.0,0.0,0.0,0.0,159916.0,159916,2026/4/27 12:13:23
2022-04-14,4.95,4.95,4.949,4.95,4000.0,19800.0,0.02,0.75,0.04,0.0,0.0,0.0,0.0,159916.0,159916,2026/4/27 12:13:23
2022-04-15,5.0,5.0,5.0,5.0,2000.0,10000.0,0.0,1.01,0.05,0.0,0.0,0.0,0.0,159916.0,159916,2026/4/27 12:13:23
2022-04-18,4.95,5.04,4.95,4.972,4400.0,21876.8,1.82,-0.56,-0.03,0.0,0.0,0.0,0.0,159916.0,159916,2026/4/27 12:13:23
2022-04-19,4.958,4.958,4.957,4.958,2100.0,10411.8,0.02,-0.28,-0.01,0.0,0.0,0.0,0.0,159916.0,159916,2026/4/27 12:13:23
2022-04-20,4.9,4.998,4.835,4.837,3300.0,15962.1,3.37,-2.44,-0.12,0.0,0.0,0.0,0.0,159916.0,159916,2026/4/27 12:13:23
2022-04-21,4.763,4.823,4.695,4.709,12200.0,57449.8,2.73,-2.65,-0.13,0.0,0.0,0.0,0.0,159916.0,159916,2026/4/27 12:13:23
2022-04-22,4.748,4.78,4.748,4.78,1400.0,6692.0,0.67,1.51,0.07,0.0,0.0,0.0,0.0,159916.0,159916,2026/4/27 12:13:23
2022-04-25,4.723,4.869,4.569,4.613,31300.0,144386.9,6.57,-3.49,-0.17,0.0,0.0,0.0,0.0,159916.0,159916,2026/4/27 12:13:23
2022-04-26,4.612,4.699,4.488,4.488,19000.0,85272.0,4.7,-2.71,-0.13,0.0,0.0,0.0,0.0,159916.0,159916,2026/4/27 12:13:23
2022-04-27,4.51,4.688,4.397,4.485,16000.0,71760.0,6.62,-0.07,-0.0,0.0,0.0,0.0,0.0,159916.0,159916,2026/4/27 12:13:23
2022-04-28,4.49,4.921,4.466,4.818,34100.0,164293.8,10.19,7.42,0.33,0.0,0.0,0.0,0.0,159916.0,159916,2026/4/27 12:13:23
2022-04-29,4.95,4.95,4.531,4.772,46100.0,219989.2,9.25,-0.95,-0.05,0.0,0.0,0.0,0.0,159916.0,159916,2026/4/27 12:13:23
2022-05-05,4.8,4.8,4.646,4.73,89100.0,421443.0,3.31,-0.88,-0.04,0.0,0.0,0.0,0.0,159916.0,159916,2026/4/27 12:13:23
2022-05-09,4.6,4.668,4.547,4.55,16800.0,76440.0,2.66,-3.81,-0.18,0.0,0.0,0.0,0.0,159916.0,159916,2026/4/27 12:13:23
2022-05-10,4.609,4.627,4.44,4.61,5700.0,26277.0,4.21,1.32,0.06,0.0,0.0,0.0,0.0,159916.0,159916,2026/4/27 12:13:23
2022-05-11,4.582,4.615,4.557,4.557,8400.0,38278.8,1.27,-1.15,-0.05,0.0,0.0,0.0,0.0,159916.0,159916,2026/4/27 12:13:23
2022-05-12,4.505,4.55,4.505,4.512,3500.0,15792.0,1.0,-0.99,-0.05,0.0,0.0,0.0,0.0,159916.0,159916,2026/4/27 12:13:23
2022-05-13,4.515,4.515,4.512,4.512,400.0,1804.8,0.07,0.0,0.0,0.0,0.0,0.0,0.0,159916.0,159916,2026/4/27 12:13:23
2022-05-16,4.56,4.619,4.516,4.52,17700.0,80004.0,2.28,0.18,0.01,0.0,0.0,0.0,0.0,159916.0,159916,2026/4/27 12:13:23
2022-05-17,4.605,4.605,4.2,4.57,14400.0,65808.0,9.64,1.11,0.05,0.0,0.0,0.0,0.0,159916.0,159916,2026/4/27 12:13:23
2022-05-18,4.57,4.57,4.506,4.55,9900.0,45045.0,1.42,-0.44,-0.02,0.0,0.0,0.0,0.0,159916.0,159916,2026/4/27 12:13:23
2022-05-19,4.516,4.549,4.467,4.541,4900.0,22250.9,1.84,-0.2,-0.01,0.0,0.0,0.0,0.0,159916.0,159916,2026/4/27 12:13:23
2022-05-20,4.56,4.586,4.484,4.55,4800.0,21840.0,2.27,0.2,0.01,0.0,0.0,0.0,0.0,159916.0,159916,2026/4/27 12:13:23
2022-05-23,4.59,4.59,4.544,4.571,8700.0,39767.7,1.01,0.46,0.02,0.0,0.0,0.0,0.0,159916.0,159916,2026/4/27 12:13:23
2022-05-24,4.528,4.553,4.48,4.52,3500.0,15820.0,1.63,-1.12,-0.05,0.0,0.0,0.0,0.0,159916.0,159916,2026/4/27 12:13:23
2022-05-25,4.42,4.515,4.42,4.492,7500.0,33690.0,2.15,-0.62,-0.03,0.0,0.0,0.0,0.0,159916.0,159916,2026/4/27 12:13:23
2022-05-26,4.491,4.538,4.479,4.501,4300.0,19354.3,1.32,0.2,0.01,0.0,0.0,0.0,0.0,159916.0,159916,2026/4/27 12:13:23
2022-05-27,4.5,4.5,4.479,4.499,1000.0,4499.0,0.47,-0.04,-0.0,0.0,0.0,0.0,0.0,159916.0,159916,2026/4/27 12:13:23
2022-05-30,4.499,4.499,4.499,4.499,300.0,1349.7,0.0,0.0,0.0,0.0,0.0,0.0,0.0,159916.0,159916,2026/4/27 12:13:23
2022-05-31,4.51,4.54,4.51,4.54,3800.0,17252.0,0.67,0.91,0.04,0.0,0.0,0.0,0.0,159916.0,159916,2026/4/27 12:13:23
2022-06-01,4.512,4.56,4.512,4.54,11800.0,53572.0,1.06,0.0,0.0,0.0,0.0,0.0,0.0,159916.0,159916,2026/4/27 12:13:23
2022-06-02,4.54,4.54,4.49,4.532,31200.0,141398.4,1.11,-0.18,-0.01,0.0,0.0,0.0,0.0,159916.0,159916,2026/4/27 12:13:23
2022-06-06,4.466,4.563,4.464,4.55,12200.0,55510.0,2.22,0.4,0.02,0.0,0.0,0.0,0.0,159916.0,159916,2026/4/27 12:13:23
2022-06-07,4.55,4.58,4.54,4.54,800.0,3632.0,0.88,-0.22,-0.01,0.0,0.0,0.0,0.0,159916.0,159916,2026/4/27 12:13:23
2022-06-08,4.532,4.606,4.532,4.589,3400.0,15602.6,1.63,1.08,0.05,0.0,0.0,0.0,0.0,159916.0,159916,2026/4/27 12:13:23
2022-06-09,4.596,4.642,4.592,4.592,4100.0,18827.2,1.09,0.07,0.0,0.0,0.0,0.0,0.0,159916.0,159916,2026/4/27 12:13:23
2022-06-10,4.624,4.624,4.624,4.624,4100.0,18958.4,0.0,0.7,0.03,0.0,0.0,0.0,0.0,159916.0,159916,2026/4/27 12:13:23
2022-06-13,4.608,4.608,4.551,4.551,1200.0,5461.2,1.25,-1.58,-0.07,0.0,0.0,0.0,0.0,159916.0,159916,2026/4/27 12:13:23
2022-06-14,4.583,4.638,4.583,4.638,3000.0,13914.0,1.2,1.91,0.09,0.0,0.0,0.0,0.0,159916.0,159916,2026/4/27 12:13:23
2022-06-15,4.641,4.818,4.641,4.803,20800.0,99902.4,3.81,3.56,0.17,0.0,0.0,0.0,0.0,159916.0,159916,2026/4/27 12:13:23
2022-06-16,4.796,4.796,4.696,4.745,22200.0,105339.0,2.13,-1.21,-0.06,0.0,0.0,0.0,0.0,159916.0,159916,2026/4/27 12:13:23
2022-06-17,4.737,4.759,4.657,4.758,21100.0,100393.8,2.19,0.27,0.01,0.0,0.0,0.0,0.0,159916.0,159916,2026/4/27 12:13:23
2022-06-20,4.758,4.809,4.758,4.809,2100.0,10098.9,1.07,1.07,0.05,0.0,0.0,0.0,0.0,159916.0,159916,2026/4/27 12:13:23
2022-06-21,4.796,4.852,4.788,4.8,60500.0,290400.0,1.34,-0.19,-0.01,0.0,0.0,0.0,0.0,159916.0,159916,2026/4/27 12:13:23
2022-06-22,4.734,4.749,4.734,4.735,56100.0,265633.5,0.32,-1.35,-0.06,0.0,0.0,0.0,0.0,159916.0,159916,2026/4/27 12:13:23
2022-06-23,4.768,4.768,4.71,4.73,12100.0,57233.0,1.23,-0.11,-0.0,0.0,0.0,0.0,0.0,159916.0,159916,2026/4/27 12:13:23
2022-06-24,4.773,4.846,4.731,4.76,41800.0,198968.0,2.43,0.63,0.03,0.0,0.0,0.0,0.0,159916.0,159916,2026/4/27 12:13:23
2022-06-27,4.834,4.858,4.811,4.817,9600.0,46243.2,0.98,1.2,0.06,0.0,0.0,0.0,0.0,159916.0,159916,2026/4/27 12:13:23
2022-06-28,4.812,4.877,4.812,4.874,6200.0,30218.8,1.35,1.18,0.06,0.0,0.0,0.0,0.0,159916.0,159916,2026/4/27 12:13:23
2022-06-29,4.87,4.948,4.87,4.87,39100.0,190417.0,1.6,-0.08,-0.0,0.0,0.0,0.0,0.0,159916.0,159916,2026/4/27 12:13:23
2022-06-30,4.87,4.95,4.87,4.908,73337.0,359938.0,1.64,0.78,0.04,0.0,0.0,0.0,0.0,159916.0,159916,2026/4/27 12:13:23
2022-07-01,4.94,4.96,4.94,4.955,6100.0,30225.5,0.4,0.96,0.05,0.0,0.0,0.0,0.0,159916.0,159916,2026/4/27 12:13:23
2022-07-04,4.897,4.952,4.897,4.914,15800.0,77641.2,1.12,-0.83,-0.04,0.0,0.0,0.0,0.0,159916.0,159916,2026/4/27 12:13:23
2022-07-05,4.968,4.97,4.915,4.955,6000.0,29730.0,1.12,0.83,0.04,0.0,0.0,0.0,0.0,159916.0,159916,2026/4/27 12:13:23
2022-07-06,4.916,4.918,4.842,4.892,2800.0,13697.6,1.57,-1.27,-0.06,0.0,0.0,0.0,0.0,159916.0,159916,2026/4/27 12:13:23
2022-07-07,4.855,4.932,4.855,4.916,3400.0,16714.4,1.59,0.49,0.02,0.0,0.0,0.0,0.0,159916.0,159916,2026/4/27 12:13:23
2022-07-08,4.882,4.918,4.87,4.87,4100.0,19967.0,0.99,-0.94,-0.05,0.0,0.0,0.0,0.0,159916.0,159916,2026/4/27 12:13:23
2022-07-11,4.92,4.92,4.869,4.889,4400.0,21511.6,1.05,0.39,0.02,0.0,0.0,0.0,0.0,159916.0,159916,2026/4/27 12:13:23
2022-07-12,4.842,4.902,4.82,4.902,10900.0,53431.8,1.7,0.27,0.01,0.0,0.0,0.0,0.0,159916.0,159916,2026/4/27 12:13:23
2022-07-13,4.86,4.861,4.86,4.861,1900.0,9235.9,0.02,-0.84,-0.04,0.0,0.0,0.0,0.0,159916.0,159916,2026/4/27 12:13:23
2022-07-14,4.8,4.806,4.8,4.806,800.0,3844.8,0.13,-1.13,-0.05,0.0,0.0,0.0,0.0,159916.0,159916,2026/4/27 12:13:23
2022-07-15,4.8,4.8,4.658,4.733,8100.0,38337.3,3.05,-1.52,-0.07,0.0,0.0,0.0,0.0,159916.0,159916,2026/4/27 12:13:23
2022-07-18,4.716,4.733,4.716,4.733,1100.0,5206.3,0.36,0.0,0.0,0.0,0.0,0.0,0.0,159916.0,159916,2026/4/27 12:13:23
2022-07-19,4.75,4.75,4.75,4.75,1000.0,4750.0,0.0,0.36,0.02,0.0,0.0,0.0,0.0,159916.0,159916,2026/4/27 12:13:23
2022-07-20,4.75,4.75,4.75,4.75,200.0,950.0,0.0,0.0,0.0,0.0,0.0,0.0,0.0,159916.0,159916,2026/4/27 12:13:23
2022-07-21,4.733,4.75,4.733,4.737,5000.0,23685.0,0.36,-0.27,-0.01,0.0,0.0,0.0,0.0,159916.0,159916,2026/4/27 12:13:23
2022-07-22,4.727,4.727,4.669,4.669,1300.0,6069.7,1.24,-1.44,-0.07,0.0,0.0,0.0,0.0,159916.0,159916,2026/4/27 12:13:23
2022-07-25,4.7,4.7,4.662,4.7,1400.0,6580.0,0.82,0.66,0.03,0.0,0.0,0.0,0.0,159916.0,159916,2026/4/27 12:13:23
2022-07-26,4.658,4.683,4.658,4.683,5500.0,25756.5,0.54,-0.36,-0.02,0.0,0.0,0.0,0.0,159916.0,159916,2026/4/27 12:13:23
2022-07-27,4.729,4.729,4.729,4.729,500.0,2364.5,0.0,0.98,0.05,0.0,0.0,0.0,0.0,159916.0,159916,2026/4/27 12:13:23
2022-07-28,4.731,4.731,4.705,4.706,28600.0,134591.6,0.55,-0.49,-0.02,0.0,0.0,0.0,0.0,159916.0,159916,2026/4/27 12:13:23
2022-07-29,4.686,4.739,4.686,4.687,800.0,3749.6,1.13,-0.4,-0.02,0.0,0.0,0.0,0.0,159916.0,159916,2026/4/27 12:13:23
2022-08-01,4.609,4.67,4.609,4.67,2900.0,13543.0,1.32,-0.36,-0.02,0.0,0.0,0.0,0.0,159916.0,159916,2026/4/27 12:13:23
2022-08-02,4.61,4.61,4.501,4.56,8200.0,37392.0,2.42,-2.36,-0.11,0.0,0.0,0.0,0.0,159916.0,159916,2026/4/27 12:13:23
2022-08-03,4.606,4.606,4.48,4.489,4200.0,18853.8,2.81,-1.56,-0.07,0.0,0.0,0.0,0.0,159916.0,159916,2026/4/27 12:13:23
2022-08-04,4.51,4.512,4.49,4.507,5300.0,23887.1,0.49,0.4,0.02,0.0,0.0,0.0,0.0,159916.0,159916,2026/4/27 12:13:23
2022-08-05,4.519,4.575,4.519,4.57,14700.0,67179.0,1.24,1.4,0.06,0.0,0.0,0.0,0.0,159916.0,159916,2026/4/27 12:13:23
2022-08-08,4.609,4.609,4.571,4.571,1400.0,6399.4,0.83,0.02,0.0,0.0,0.0,0.0,0.0,159916.0,159916,2026/4/27 12:13:23
2022-08-09,4.55,4.584,4.55,4.584,3000.0,13752.0,0.75,0.28,0.01,0.0,0.0,0.0,0.0,159916.0,159916,2026/4/27 12:13:23
2022-08-10,4.537,4.563,4.525,4.555,5500.0,25052.5,0.84,-0.63,-0.03,0.0,0.0,0.0,0.0,159916.0,159916,2026/4/27 12:13:23
2022-08-11,4.534,4.63,4.534,4.63,15900.0,73617.0,2.12,1.65,0.08,0.0,0.0,0.0,0.0,159916.0,159916,2026/4/27 12:13:23
2022-08-12,4.644,4.697,4.631,4.662,22600.0,105361.2,1.43,0.69,0.03,0.0,0.0,0.0,0.0,159916.0,159916,2026/4/27 12:13:23
2022-08-15,4.678,4.767,4.607,4.642,14837.0,68873.35,3.47,-0.43,-0.02,0.0,0.0,0.0,0.0,159916.0,159916,2026/4/27 12:13:23
2022-08-16,4.68,4.7,4.65,4.661,1200.0,5593.2,1.08,0.41,0.02,0.0,0.0,0.0,0.0,159916.0,159916,2026/4/27 12:13:23
2022-08-17,4.691,4.79,4.65,4.753,19800.0,94109.4,3.01,1.97,0.09,0.0,0.0,0.0,0.0,159916.0,159916,2026/4/27 12:13:23
2022-08-18,4.673,4.799,4.625,4.781,4300.0,20558.3,3.76,0.59,0.03,0.0,0.0,0.0,0.0,159916.0,159916,2026/4/27 12:13:23
2022-08-19,4.827,4.827,4.616,4.69,18000.0,84420.0,4.57,-1.9,-0.09,0.0,0.0,0.0,0.0,159916.0,159916,2026/4/27 12:13:23
2022-08-22,4.686,4.722,4.649,4.717,4700.0,22169.9,1.57,0.58,0.03,0.0,0.0,0.0,0.0,159916.0,159916,2026/4/27 12:13:23
2022-08-23,4.654,4.828,4.628,4.788,10300.0,49316.4,4.32,1.51,0.07,0.0,0.0,0.0,0.0,159916.0,159916,2026/4/27 12:13:23
2022-08-24,4.84,4.84,4.63,4.635,63300.0,293395.5,4.54,-3.2,-0.15,0.0,0.0,0.0,0.0,159916.0,159916,2026/4/27 12:13:23
2022-08-25,4.575,4.692,4.532,4.651,63700.0,296268.7,3.53,0.35,0.02,0.0,0.0,0.0,0.0,159916.0,159916,2026/4/27 12:13:23
2022-08-26,4.675,4.675,4.498,4.605,4800.0,22104.0,3.94,-0.99,-0.05,0.0,0.0,0.0,0.0,159916.0,159916,2026/4/27 12:13:23
2022-08-29,4.592,4.604,4.592,4.599,700.0,3219.3,0.26,-0.13,-0.01,0.0,0.0,0.0,0.0,159916.0,159916,2026/4/27 12:13:23
2022-08-30,4.621,4.621,4.567,4.587,3400.0,15595.8,1.18,-0.26,-0.01,0.0,0.0,0.0,0.0,159916.0,159916,2026/4/27 12:13:23
2022-08-31,4.744,4.744,4.672,4.672,1100.0,5139.2,1.54,1.85,0.08,0.0,0.0,0.0,0.0,159916.0,159916,2026/4/27 12:13:23
2022-09-01,4.587,4.745,4.587,4.693,1600.0,7508.8,3.44,0.45,0.02,0.0,0.0,0.0,0.0,159916.0,159916,2026/4/27 12:13:23
2022-09-02,4.596,4.596,4.596,4.596,1200.0,5515.2,0.0,-2.07,-0.1,0.0,0.0,0.0,0.0,159916.0,159916,2026/4/27 12:13:23
2022-09-05,4.596,4.605,4.582,4.582,7100.0,32532.2,0.5,-0.3,-0.01,0.0,0.0,0.0,0.0,159916.0,159916,2026/4/27 12:13:23
2022-09-06,4.68,4.68,4.63,4.665,800.0,3732.0,1.08,1.81,0.08,0.0,0.0,0.0,0.0,159916.0,159916,2026/4/27 12:13:23
2022-09-07,4.655,4.799,4.606,4.747,5800.0,27532.6,4.19,1.76,0.08,0.0,0.0,0.0,0.0,159916.0,159916,2026/4/27 12:13:23
2022-09-08,4.771,4.771,4.632,4.692,22400.0,105100.8,3.0,-1.16,-0.05,0.0,0.0,0.0,0.0,159916.0,159916,2026/4/27 12:13:23
2022-09-09,4.799,4.799,4.653,4.689,29100.0,136449.9,3.14,-0.06,-0.0,0.0,0.0,0.0,0.0,159916.0,159916,2026/4/27 12:13:23
2022-09-13,4.689,4.788,4.689,4.754,43800.0,208225.2,2.11,1.39,0.06,0.0,0.0,0.0,0.0,159916.0,159916,2026/4/27 12:13:23
2022-09-14,4.69,4.728,4.642,4.728,2200.0,10401.6,1.85,-0.55,-0.03,0.0,0.0,0.0,0.0,159916.0,159916,2026/4/27 12:13:23
2022-09-15,4.74,4.74,4.665,4.715,2000.0,9430.0,1.61,-0.27,-0.01,0.0,0.0,0.0,0.0,159916.0,159916,2026/4/27 12:13:23
2022-09-16,4.727,4.727,4.605,4.606,5600.0,25793.6,2.65,-2.31,-0.11,0.0,0.0,0.0,0.0,159916.0,159916,2026/4/27 12:13:23
2022-09-19,4.583,4.645,4.551,4.598,9700.0,44600.6,2.07,-0.17,-0.01,0.0,0.0,0.0,0.0,159916.0,159916,2026/4/27 12:13:23
2022-09-20,4.615,4.615,4.534,4.542,3800.0,17259.6,1.79,-1.22,-0.06,0.0,0.0,0.0,0.0,159916.0,159916,2026/4/27 12:13:23
2022-09-21,4.51,4.54,4.467,4.54,9500.0,43130.0,1.63,-0.04,-0.0,0.0,0.0,0.0,0.0,159916.0,159916,2026/4/27 12:13:23
2022-09-22,4.477,4.477,4.474,4.474,800.0,3579.2,0.07,-1.45,-0.07,0.0,0.0,0.0,0.0,159916.0,159916,2026/4/27 12:13:23
2022-09-23,4.47,4.498,4.47,4.498,12000.0,53976.0,0.63,0.54,0.02,0.0,0.0,0.0,0.0,159916.0,159916,2026/4/27 12:13:23
2022-09-26,4.411,4.491,4.411,4.425,2100.0,9292.5,1.81,-1.62,-0.07,0.0,0.0,0.0,0.0,159916.0,159916,2026/4/27 12:13:23
2022-09-27,4.459,4.459,4.458,4.459,800.0,3567.2,0.02,0.77,0.03,0.0,0.0,0.0,0.0,159916.0,159916,2026/4/27 12:13:23
2022-09-28,4.391,4.495,4.391,4.495,3037.0,13651.32,2.37,0.81,0.04,0.0,0.0,0.0,0.0,159916.0,159916,2026/4/27 12:13:23
2022-09-29,4.401,4.468,4.4,4.406,3700.0,16302.2,1.55,-1.98,-0.09,0.0,0.0,0.0,0.0,159916.0,159916,2026/4/27 12:13:23
2022-09-30,4.342,4.405,4.313,4.388,2900.0,12725.2,2.13,-0.41,-0.02,0.0,0.0,0.0,0.0,159916.0,159916,2026/4/27 12:13:23
2022-10-10,4.388,4.388,4.32,4.32,6437.0,27807.84,1.57,-1.55,-0.07,0.0,0.0,0.0,0.0,159916.0,159916,2026/4/27 12:13:23
2022-10-11,4.323,4.323,4.323,4.323,100.0,432.3,0.0,0.07,0.0,0.0,0.0,0.0,0.0,159916.0,159916,2026/4/27 12:13:23
2022-10-12,4.259,4.369,4.257,4.342,10100.0,43854.2,2.63,0.44,0.02,0.0,0.0,0.0,0.0,159916.0,159916,2026/4/27 12:13:23
2022-10-13,4.343,4.343,4.315,4.342,1200.0,5210.4,0.65,0.0,0.0,0.0,0.0,0.0,0.0,159916.0,159916,2026/4/27 12:13:23
2022-10-14,4.358,4.398,4.348,4.391,1500.0,6586.5,1.15,1.13,0.05,0.0,0.0,0.0,0.0,159916.0,159916,2026/4/27 12:13:23
2022-10-17,4.355,4.395,4.354,4.395,11900.0,52300.5,0.94,0.09,0.0,0.0,0.0,0.0,0.0,159916.0,159916,2026/4/27 12:13:23
2022-10-18,4.395,4.444,4.365,4.402,10700.0,47101.4,1.81,0.16,0.01,0.0,0.0,0.0,0.0,159916.0,159916,2026/4/27 12:13:23
2022-10-19,4.325,4.353,4.299,4.299,5100.0,21924.9,1.26,-2.34,-0.1,0.0,0.0,0.0,0.0,159916.0,159916,2026/4/27 12:13:23
2022-10-20,4.298,4.327,4.24,4.326,6200.0,26821.2,2.05,0.63,0.03,0.0,0.0,0.0,0.0,159916.0,159916,2026/4/27 12:13:23
2022-10-24,4.251,4.251,4.249,4.25,8000.0,34000.0,0.05,-1.76,-0.08,0.0,0.0,0.0,0.0,159916.0,159916,2026/4/27 12:13:23
2022-10-25,4.25,4.25,4.105,4.232,12900.0,54592.8,3.53,-0.42,-0.02,0.0,0.0,0.0,0.0,159916.0,159916,2026/4/27 12:13:23
2022-10-26,4.2,4.226,4.157,4.22,15800.0,66676.0,1.66,-0.28,-0.01,0.0,0.0,0.0,0.0,159916.0,159916,2026/4/27 12:13:23
2022-10-27,4.199,4.199,4.199,4.199,100.0,419.9,0.0,-0.5,-0.02,0.0,0.0,0.0,0.0,159916.0,159916,2026/4/27 12:13:23
2022-10-28,4.122,4.122,3.941,3.941,7700.0,30345.7,4.59,-6.14,-0.26,0.0,0.0,0.0,0.0,159916.0,159916,2026/4/27 12:13:23
2022-10-31,4.0,4.09,3.88,3.901,5700.0,22235.7,5.41,-1.01,-0.04,0.0,0.0,0.0,0.0,159916.0,159916,2026/4/27 12:13:23
2022-11-01,3.988,3.995,3.94,3.995,5500.0,21972.5,1.4,2.41,0.09,0.0,0.0,0.0,0.0,159916.0,159916,2026/4/27 12:13:23
2022-11-02,4.085,4.085,4.05,4.06,6700.0,27202.0,0.86,1.63,0.06,0.0,0.0,0.0,0.0,159916.0,159916,2026/4/27 12:13:23
2022-11-03,4.1,4.198,4.011,4.011,8100.0,32489.1,4.66,-1.21,-0.05,0.0,0.0,0.0,0.0,159916.0,159916,2026/4/27 12:13:23
2022-11-04,4.0,4.129,3.923,4.089,17000.0,69513.0,5.25,1.94,0.08,0.0,0.0,0.0,0.0,159916.0,159916,2026/4/27 12:13:23
2022-11-07,4.088,4.156,4.088,4.152,29600.0,122899.2,1.66,1.54,0.06,0.0,0.0,0.0,0.0,159916.0,159916,2026/4/27 12:13:23
2022-11-08,4.222,4.222,4.085,4.088,17900.0,73175.2,3.35,-1.54,-0.06,0.0,0.0,0.0,0.0,159916.0,159916,2026/4/27 12:13:23
2022-11-09,4.168,4.168,4.1,4.11,2500.0,10275.0,1.66,0.54,0.02,0.0,0.0,0.0,0.0,159916.0,159916,2026/4/27 12:13:23
2022-11-10,4.116,4.136,4.05,4.136,1900.0,7858.4,2.12,0.63,0.03,0.0,0.0,0.0,0.0,159916.0,159916,2026/4/27 12:13:23
2022-11-11,4.252,4.288,4.101,4.245,21500.0,91267.5,4.56,2.64,0.11,0.0,0.0,0.0,0.0,159916.0,159916,2026/4/27 12:13:23
2022-11-14,4.245,4.379,4.245,4.358,21500.0,93697.0,3.16,2.66,0.11,0.0,0.0,0.0,0.0,159916.0,159916,2026/4/27 12:13:23
2022-11-15,4.325,4.405,4.316,4.405,2500.0,11012.5,2.06,1.08,0.05,0.0,0.0,0.0,0.0,159916.0,159916,2026/4/27 12:13:23
2022-11-16,4.356,4.477,4.328,4.385,5400.0,23679.0,3.44,-0.45,-0.02,0.0,0.0,0.0,0.0,159916.0,159916,2026/4/27 12:13:23
2022-11-17,4.319,4.379,4.21,4.376,8200.0,35883.2,4.01,-0.21,-0.01,0.0,0.0,0.0,0.0,159916.0,159916,2026/4/27 12:13:23
2022-11-18,4.299,4.352,4.277,4.351,15000.0,65265.0,1.75,-0.57,-0.03,0.0,0.0,0.0,0.0,159916.0,159916,2026/4/27 12:13:23
2022-11-21,4.252,4.338,4.252,4.313,1004500.0,4332408.5,2.02,-0.87,-0.04,0.0,0.0,0.0,0.0,159916.0,159916,2026/4/27 12:13:23
2022-11-22,4.265,4.395,4.265,4.389,4011900.0,17608229.1,3.05,1.76,0.08,0.0,0.0,0.0,0.0,159916.0,159916,2026/4/27 12:13:23
2022-11-23,4.358,4.45,4.338,4.359,5014900.0,21859949.1,2.58,-0.68,-0.03,0.0,0.0,0.0,0.0,159916.0,159916,2026/4/27 12:13:23
2022-11-24,4.423,4.45,4.298,4.422,2515000.0,11121330.0,3.54,1.45,0.06,0.0,0.0,0.0,0.0,159916.0,159916,2026/4/27 12:13:23
2022-11-25,4.415,4.5,4.358,4.485,2525500.0,11326867.5,3.26,1.42,0.06,0.0,0.0,0.0,0.0,159916.0,159916,2026/4/27 12:13:23
2022-11-28,4.383,4.55,4.345,4.427,2530000.0,11200310.0,4.72,-1.29,-0.06,0.0,0.0,0.0,0.0,159916.0,159916,2026/4/27 12:13:23
2022-11-29,4.42,4.659,4.372,4.655,26300.0,122426.5,6.56,5.15,0.23,0.0,0.0,0.0,0.0,159916.0,159916,2026/4/27 12:13:23
2022-11-30,4.616,4.683,4.552,4.635,3524400.0,16335594.0,2.88,-0.43,-0.02,0.0,0.0,0.0,0.0,159916.0,159916,2026/4/27 12:13:23
2022-12-01,4.63,4.724,4.605,4.689,4047100.0,18976851.9,2.58,1.17,0.05,0.0,0.0,0.0,0.0,159916.0,159916,2026/4/27 12:13:23
2022-12-02,4.689,4.693,4.553,4.653,4051500.0,18851629.5,3.07,-0.77,-0.04,0.0,0.0,0.0,0.0,159916.0,159916,2026/4/27 12:13:23
2022-12-05,4.561,4.735,4.561,4.72,2060900.0,9727448.0,3.81,1.44,0.07,0.0,0.0,0.0,0.0,159916.0,159916,2026/4/27 12:13:23
2022-12-06,4.626,4.799,4.626,4.75,5066500.0,24065875.0,3.74,0.64,0.03,0.0,0.0,0.0,0.0,159916.0,159916,2026/4/27 12:13:23
2022-12-07,4.743,4.795,4.69,4.788,6031700.0,28879779.6,2.24,0.8,0.04,0.0,0.0,0.0,0.0,159916.0,159916,2026/4/27 12:13:23
2022-12-08,4.693,4.791,4.692,4.791,6027600.0,28878231.6,2.11,0.06,0.0,0.0,0.0,0.0,0.0,159916.0,159916,2026/4/27 12:13:23
2022-12-09,4.821,4.821,4.67,4.786,3510000.0,16798860.0,3.23,-0.1,-0.01,0.0,0.0,0.0,0.0,159916.0,159916,2026/4/27 12:13:23
2022-12-12,4.72,4.789,4.646,4.663,355200.0,1656297.6,3.08,-2.57,-0.12,0.0,0.0,0.0,0.0,159916.0,159916,2026/4/27 12:13:23
2022-12-13,4.669,4.742,4.632,4.677,6305900.0,29492694.3,2.37,0.3,0.01,0.0,0.0,0.0,0.0,159916.0,159916,2026/4/27 12:13:23
2022-12-14,4.652,4.736,4.651,4.707,3131900.0,14741853.3,1.83,0.64,0.03,0.0,0.0,0.0,0.0,159916.0,159916,2026/4/27 12:13:23
2022-12-15,4.655,4.707,4.645,4.694,3601400.0,16904971.6,1.33,-0.28,-0.01,0.0,0.0,0.0,0.0,159916.0,159916,2026/4/27 12:13:23
2022-12-16,4.595,4.732,4.594,4.707,3625900.0,17067111.3,3.0,0.28,0.01,0.0,0.0,0.0,0.0,159916.0,159916,2026/4/27 12:13:23
2022-12-19,4.7,4.725,4.553,4.564,9129900.0,41668863.6,3.78,-3.04,-0.14,0.0,0.0,0.0,0.0,159916.0,159916,2026/4/27 12:13:23
2022-12-20,4.591,4.655,4.5,4.515,552948.0,2496560.22,3.44,-1.07,-0.05,0.0,0.0,0.0,0.0,159916.0,159916,2026/4/27 12:13:23
2022-12-21,4.535,4.572,4.512,4.519,4056400.0,18330871.6,1.33,0.09,0.0,0.0,0.0,0.0,0.0,159916.0,159916,2026/4/27 12:13:23
2022-12-22,4.57,4.594,4.517,4.532,11737900.0,53196162.8,1.7,0.29,0.01,0.0,0.0,0.0,0.0,159916.0,159916,2026/4/27 12:13:23
2022-12-23,4.507,4.552,4.505,4.521,247700.0,1119851.7,1.04,-0.24,-0.01,0.0,0.0,0.0,0.0,159916.0,159916,2026/4/27 12:13:23
2022-12-26,4.516,4.518,4.486,4.491,241300.0,1083678.3,0.71,-0.66,-0.03,0.0,0.0,0.0,0.0,159916.0,159916,2026/4/27 12:13:23
2022-12-27,4.491,4.56,4.467,4.548,1410600.0,6415408.8,2.08,1.27,0.06,0.0,0.0,0.0,0.0,159916.0,159916,2026/4/27 12:13:23
2022-12-28,4.543,4.543,4.517,4.525,246800.0,1116770.0,0.58,-0.51,-0.02,0.0,0.0,0.0,0.0,159916.0,159916,2026/4/27 12:13:23
2022-12-29,4.52,4.545,4.462,4.473,4331900.0,19376588.7,1.86,-1.15,-0.05,0.0,0.0,0.0,0.0,159916.0,159916,2026/4/27 12:13:23
2022-12-30,4.497,4.512,4.48,4.508,537300.0,2422148.4,0.71,0.78,0.04,0.0,0.0,0.0,0.0,159916.0,159916,2026/4/27 12:13:23
2023-01-03,4.549,4.55,4.477,4.542,4261500.0,19355733.0,1.63,0.75,0.03,0.0,0.0,0.0,0.0,159916.0,159916,2026/4/27 12:13:23
2023-01-04,4.547,4.624,4.53,4.596,4392300.0,20187010.8,2.08,1.19,0.05,0.0,0.0,0.0,0.0,159916.0,159916,2026/4/27 12:13:23
2023-01-05,4.634,4.663,4.621,4.655,2236700.0,10411838.5,0.91,1.28,0.06,0.0,0.0,0.0,0.0,159916.0,159916,2026/4/27 12:13:23
2023-01-06,4.655,4.687,4.639,4.648,2295200.0,10668089.6,1.03,-0.15,-0.01,0.0,0.0,0.0,0.0,159916.0,159916,2026/4/27 12:13:23
2023-01-09,4.682,4.682,4.644,4.663,2304400.0,10745417.2,0.82,0.32,0.02,0.0,0.0,0.0,0.0,159916.0,159916,2026/4/27 12:13:23
2023-01-10,4.646,4.685,4.644,4.651,2332800.0,10849852.8,0.88,-0.26,-0.01,0.0,0.0,0.0,0.0,159916.0,159916,2026/4/27 12:13:23
2023-01-11,4.671,4.713,4.65,4.682,7406000.0,34674892.0,1.35,0.67,0.03,0.0,0.0,0.0,0.0,159916.0,159916,2026/4/27 12:13:23
2023-01-12,4.687,4.71,4.64,4.655,9419300.0,43846841.5,1.51,-0.58,-0.03,0.0,0.0,0.0,0.0,159916.0,159916,2026/4/27 12:13:23
2023-01-13,4.673,4.72,4.669,4.72,261300.0,1233336.0,1.09,1.4,0.06,0.0,0.0,0.0,0.0,159916.0,159916,2026/4/27 12:13:23
2023-01-16,4.751,4.841,4.731,4.804,6408375.0,30785833.5,2.33,1.78,0.08,0.0,0.0,0.0,0.0,159916.0,159916,2026/4/27 12:13:23
2023-01-17,4.839,4.84,4.77,4.788,2261100.0,10826146.8,1.47,-0.33,-0.02,0.0,0.0,0.0,0.0,159916.0,159916,2026/4/27 12:13:23
2023-01-18,4.788,4.818,4.771,4.793,769500.0,3688213.5,0.99,0.1,0.0,0.0,0.0,0.0,0.0,159916.0,159916,2026/4/27 12:13:23
2023-01-19,4.788,4.823,4.75,4.823,2236200.0,10785192.6,1.54,0.63,0.03,0.0,0.0,0.0,0.0,159916.0,159916,2026/4/27 12:13:23
2023-01-20,4.832,4.875,4.828,4.831,2333400.0,11272655.4,0.97,0.17,0.01,0.0,0.0,0.0,0.0,159916.0,159916,2026/4/27 12:13:23
2023-01-30,4.87,4.897,4.833,4.838,3788900.0,18330698.2,1.32,0.14,0.01,0.0,0.0,0.0,0.0,159916.0,159916,2026/4/27 12:13:23
2023-01-31,4.865,4.871,4.807,4.822,2256800.0,10882289.6,1.33,-0.33,-0.02,0.0,0.0,0.0,0.0,159916.0,159916,2026/4/27 12:13:23
2023-02-01,4.844,4.882,4.805,4.854,8397500.0,40761465.0,1.6,0.66,0.03,0.0,0.0,0.0,0.0,159916.0,159916,2026/4/27 12:13:23
2023-02-02,4.837,4.852,4.804,4.834,2302700.0,11131251.8,1.0,-0.41,-0.02,0.0,0.0,0.0,0.0,159916.0,159916,2026/4/27 12:13:23
2023-02-03,4.852,4.862,4.766,4.805,13577300.0,65238926.5,2.01,-0.6,-0.03,0.0,0.0,0.0,0.0,159916.0,159916,2026/4/27 12:13:23
2023-02-06,4.798,4.84,4.71,4.718,7818375.0,36887093.25,2.76,-1.81,-0.09,0.0,0.0,0.0,0.0,159916.0,159916,2026/4/27 12:13:23
2023-02-07,4.739,4.758,4.734,4.74,2268600.0,10753164.0,0.51,0.47,0.02,0.0,0.0,0.0,0.0,159916.0,159916,2026/4/27 12:13:23
2023-02-08,4.726,4.787,4.718,4.72,13567900.0,64040488.0,1.46,-0.42,-0.02,0.0,0.0,0.0,0.0,159916.0,159916,2026/4/27 12:13:23
2023-02-09,4.739,4.788,4.727,4.778,15224900.0,72744572.2,1.29,1.23,0.06,0.0,0.0,0.0,0.0,159916.0,159916,2026/4/27 12:13:23
2023-02-10,4.778,4.791,4.745,4.763,2794700.0,13311156.1,0.97,-0.31,-0.01,0.0,0.0,0.0,0.0,159916.0,159916,2026/4/27 12:13:23
2023-02-13,4.779,4.822,4.76,4.808,7928500.0,38120228.0,1.3,0.94,0.04,0.0,0.0,0.0,0.0,159916.0,159916,2026/4/27 12:13:23
2023-02-14,4.827,4.829,4.8,4.82,71500.0,344630.0,0.6,0.25,0.01,0.0,0.0,0.0,0.0,159916.0,159916,2026/4/27 12:13:23
2023-02-15,4.817,4.838,4.79,4.794,2637300.0,12643216.2,1.0,-0.54,-0.03,0.0,0.0,0.0,0.0,159916.0,159916,2026/4/27 12:13:23
2023-02-16,4.82,4.85,4.749,4.75,2282700.0,10842825.0,2.13,-0.92,-0.04,0.0,0.0,0.0,0.0,159916.0,159916,2026/4/27 12:13:23
2023-02-17,4.782,4.796,4.724,4.724,7308100.0,34523464.4,1.52,-0.55,-0.03,0.0,0.0,0.0,0.0,159916.0,159916,2026/4/27 12:13:23
2023-02-20,4.753,4.866,4.753,4.861,2748600.0,13360944.6,2.38,2.9,0.14,0.0,0.0,0.0,0.0,159916.0,159916,2026/4/27 12:13:23
2023-02-21,4.861,4.915,4.861,4.901,2850900.0,13972260.9,1.11,0.82,0.04,0.0,0.0,0.0,0.0,159916.0,159916,2026/4/27 12:13:23
2023-02-22,4.904,4.928,4.866,4.903,18286200.0,89657238.6,1.27,0.04,0.0,0.0,0.0,0.0,0.0,159916.0,159916,2026/4/27 12:13:23
2023-02-23,4.904,4.938,4.865,4.893,18299300.0,89538474.9,1.5,-0.2,-0.01,0.0,0.0,0.0,0.0,159916.0,159916,2026/4/27 12:13:23
2023-02-24,4.898,4.912,4.82,4.847,23695000.0,114849665.0,1.91,-0.94,-0.05,0.0,0.0,0.0,0.0,159916.0,159916,2026/4/27 12:13:23
2023-02-27,4.831,4.867,4.807,4.816,26280600.0,126567369.6,1.25,-0.64,-0.03,0.0,0.0,0.0,0.0,159916.0,159916,2026/4/27 12:13:23
2023-02-28,4.842,4.868,4.8,4.832,27036200.0,130638918.4,1.42,0.33,0.02,0.0,0.0,0.0,0.0,159916.0,159916,2026/4/27 12:13:23
2023-03-01,4.86,4.945,4.836,4.913,26751100.0,131428154.3,2.25,1.68,0.08,0.0,0.0,0.0,0.0,159916.0,159916,2026/4/27 12:13:23
2023-03-02,4.913,4.961,4.897,4.913,25768400.0,126600149.2,1.31,0.0,0.0,0.0,0.0,0.0,0.0,159916.0,159916,2026/4/27 12:13:23
2023-03-03,4.929,4.944,4.88,4.924,10336200.0,50895448.8,1.31,0.22,0.01,0.0,0.0,0.0,0.0,159916.0,159916,2026/4/27 12:13:23
2023-03-06,4.92,4.923,4.849,4.858,27789700.0,135002362.6,1.53,-1.34,-0.07,0.0,0.0,0.0,0.0,159916.0,159916,2026/4/27 12:13:23
2023-03-07,4.831,4.875,4.771,4.772,29748100.0,141957933.2,2.18,-1.77,-0.09,0.0,0.0,0.0,0.0,159916.0,159916,2026/4/27 12:13:23
2023-03-08,4.767,4.8,4.741,4.762,27521700.0,131058335.4,1.24,-0.21,-0.01,0.0,0.0,0.0,0.0,159916.0,159916,2026/4/27 12:13:23
2023-03-09,4.764,4.78,4.727,4.731,12755900.0,60348162.9,1.12,-0.65,-0.03,0.0,0.0,0.0,0.0,159916.0,159916,2026/4/27 12:13:23
2023-03-10,4.727,4.732,4.643,4.643,133700.0,620769.1,1.92,-1.86,-0.09,0.0,0.0,0.0,0.0,159916.0,159916,2026/4/27 12:13:23
2023-03-13,4.671,4.695,4.634,4.689,207900.0,974843.1,1.32,0.99,0.05,0.0,0.0,0.0,0.0,159916.0,159916,2026/4/27 12:13:23
2023-03-14,4.694,4.694,4.632,4.671,804600.0,3758286.6,1.34,-0.38,-0.02,0.0,0.0,0.0,0.0,159916.0,159916,2026/4/27 12:13:23
2023-03-15,4.679,4.705,4.679,4.684,236300.0,1106829.2,0.56,0.28,0.01,0.0,0.0,0.0,0.0,159916.0,159916,2026/4/27 12:13:23
2023-03-16,4.65,4.661,4.624,4.634,2744400.0,12717549.6,0.8,-1.07,-0.05,0.0,0.0,0.0,0.0,159916.0,159916,2026/4/27 12:13:23
2023-03-17,4.634,4.7,4.634,4.656,3823300.0,17801284.8,1.42,0.47,0.02,0.0,0.0,0.0,0.0,159916.0,159916,2026/4/27 12:13:23
2023-03-20,4.692,4.693,4.623,4.63,2597000.0,12024110.0,1.51,-0.56,-0.03,0.0,0.0,0.0,0.0,159916.0,159916,2026/4/27 12:13:23
2023-03-21,4.654,4.698,4.617,4.677,11101600.0,51922183.2,1.75,1.02,0.05,0.0,0.0,0.0,0.0,159916.0,159916,2026/4/27 12:13:23
2023-03-22,4.677,4.73,4.677,4.704,11573200.0,54440332.8,1.13,0.58,0.03,0.0,0.0,0.0,0.0,159916.0,159916,2026/4/27 12:13:23
2023-03-23,4.704,4.755,4.702,4.729,15420400.0,72923071.6,1.13,0.53,0.03,0.0,0.0,0.0,0.0,159916.0,159916,2026/4/27 12:13:23
2023-03-24,4.747,4.757,4.693,4.72,15833100.0,74732232.0,1.36,-0.19,-0.01,0.0,0.0,0.0,0.0,159916.0,159916,2026/4/27 12:13:23
2023-03-27,4.724,4.724,4.662,4.664,8667800.0,40426619.2,1.33,-1.19,-0.06,0.0,0.0,0.0,0.0,159916.0,159916,2026/4/27 12:13:23
2023-03-28,4.685,4.707,4.671,4.686,18459800.0,86502622.8,0.77,0.47,0.02,0.0,0.0,0.0,0.0,159916.0,159916,2026/4/27 12:13:23
2023-03-29,4.707,4.72,4.663,4.673,24488300.0,114433825.9,1.22,-0.28,-0.01,0.0,0.0,0.0,0.0,159916.0,159916,2026/4/27 12:13:23
2023-03-30,4.652,4.727,4.645,4.724,1451300.0,6855941.2,1.77,1.09,0.05,0.0,0.0,0.0,0.0,159916.0,159916,2026/4/27 12:13:23
2023-03-31,4.708,4.758,4.706,4.733,51500.0,243749.5,1.1,0.19,0.01,0.0,0.0,0.0,0.0,159916.0,159916,2026/4/27 12:13:23
2023-04-03,4.753,4.794,4.743,4.756,4020200.0,19120071.2,1.08,0.49,0.02,0.0,0.0,0.0,0.0,159916.0,159916,2026/4/27 12:13:23
2023-04-04,4.763,4.783,4.738,4.762,4744200.0,22591880.4,0.95,0.13,0.01,0.0,0.0,0.0,0.0,159916.0,159916,2026/4/27 12:13:23
2023-04-06,4.762,4.778,4.735,4.739,20875900.0,98930890.1,0.91,-0.48,-0.02,0.0,0.0,0.0,0.0,159916.0,159916,2026/4/27 12:13:23
2023-04-07,4.755,4.832,4.755,4.808,7753200.0,37277385.6,1.62,1.46,0.07,0.0,0.0,0.0,0.0,159916.0,159916,2026/4/27 12:13:23
2023-04-10,4.806,4.81,4.775,4.775,4844200.0,23131055.0,0.73,-0.69,-0.03,0.0,0.0,0.0,0.0,159916.0,159916,2026/4/27 12:13:23
2023-04-11,4.79,4.821,4.79,4.803,507700.0,2438483.1,0.65,0.59,0.03,0.0,0.0,0.0,0.0,159916.0,159916,2026/4/27 12:13:23
2023-04-12,4.809,4.874,4.809,4.828,16114800.0,77802254.4,1.35,0.52,0.03,0.0,0.0,0.0,0.0,159916.0,159916,2026/4/27 12:13:23
2023-04-13,4.823,4.823,4.765,4.766,243800.0,1161950.8,1.22,-1.28,-0.06,0.0,0.0,0.0,0.0,159916.0,159916,2026/4/27 12:13:23
2023-04-14,4.764,4.792,4.764,4.775,3962900.0,18922847.5,0.59,0.19,0.01,0.0,0.0,0.0,0.0,159916.0,159916,2026/4/27 12:13:23
2023-04-17,4.775,4.829,4.775,4.829,732900.0,3539174.1,1.13,1.13,0.05,0.0,0.0,0.0,0.0,159916.0,159916,2026/4/27 12:13:23
2023-04-18,4.834,4.899,4.829,4.844,28674800.0,138900731.2,1.45,0.31,0.02,0.0,0.0,0.0,0.0,159916.0,159916,2026/4/27 12:13:23
2023-04-19,4.844,4.844,4.782,4.782,416100.0,1989790.2,1.3,-1.28,-0.06,0.0,0.0,0.0,0.0,159916.0,159916,2026/4/27 12:13:23
2023-04-20,4.807,4.807,4.764,4.78,373300.0,1784374.0,0.9,-0.04,-0.0,0.0,0.0,0.0,0.0,159916.0,159916,2026/4/27 12:13:23
2023-04-21,4.774,4.774,4.69,4.694,20800.0,97635.2,1.79,-1.8,-0.09,0.0,0.0,0.0,0.0,159916.0,159916,2026/4/27 12:13:23
2023-04-24,4.669,4.672,4.588,4.625,874100.0,4042712.5,1.83,-1.47,-0.07,0.0,0.0,0.0,0.0,159916.0,159916,2026/4/27 12:13:23
2023-04-25,4.617,4.651,4.55,4.587,1168500.0,5359909.5,2.22,-0.82,-0.04,0.0,0.0,0.0,0.0,159916.0,159916,2026/4/27 12:13:23
2023-04-26,4.559,4.56,4.534,4.56,45300.0,206568.0,0.57,-0.59,-0.03,0.0,0.0,0.0,0.0,159916.0,159916,2026/4/27 12:13:23
2023-04-27,4.56,4.584,4.56,4.578,40700.0,186324.6,0.53,0.39,0.02,0.0,0.0,0.0,0.0,159916.0,159916,2026/4/27 12:13:23
2023-04-28,4.617,4.628,4.599,4.623,902500.0,4172257.5,0.63,0.98,0.04,0.0,0.0,0.0,0.0,159916.0,159916,2026/4/27 12:13:23
2023-05-04,4.553,4.594,4.553,4.578,30800.0,141002.4,0.9,-0.97,-0.04,0.0,0.0,0.0,0.0,159916.0,159916,2026/4/27 12:13:23
2023-05-05,4.586,4.586,4.556,4.571,504800.0,2307440.8,0.66,-0.15,-0.01,0.0,0.0,0.0,0.0,159916.0,159916,2026/4/27 12:13:23
2023-05-08,4.572,4.608,4.561,4.589,218100.0,1000860.9,1.03,0.39,0.02,0.0,0.0,0.0,0.0,159916.0,159916,2026/4/27 12:13:23
2023-05-09,4.536,4.65,4.536,4.577,184000.0,842168.0,2.51,-0.26,-0.01,0.0,0.0,0.0,0.0,159916.0,159916,2026/4/27 12:13:23
2023-05-10,4.589,4.61,4.542,4.558,1567600.0,7145120.8,1.5,-0.42,-0.02,0.0,0.0,0.0,0.0,159916.0,159916,2026/4/27 12:13:23
2023-05-11,4.574,4.581,4.563,4.567,408000.0,1863336.0,0.39,0.2,0.01,0.0,0.0,0.0,0.0,159916.0,159916,2026/4/27 12:13:23
2023-05-12,4.567,4.581,4.496,4.496,511800.0,2301052.8,1.89,-1.55,-0.07,0.0,0.0,0.0,0.0,159916.0,159916,2026/4/27 12:13:23
2023-05-15,4.472,4.552,4.459,4.552,408400.0,1859036.8,2.09,1.25,0.06,0.0,0.0,0.0,0.0,159916.0,159916,2026/4/27 12:13:23
2023-05-16,4.509,4.524,4.489,4.489,123400.0,553942.6,0.78,-1.38,-0.06,0.0,0.0,0.0,0.0,159916.0,159916,2026/4/27 12:13:23
2023-05-17,4.477,4.486,4.452,4.468,216000.0,965088.0,0.76,-0.47,-0.02,0.0,0.0,0.0,0.0,159916.0,159916,2026/4/27 12:13:23
2023-05-18,4.495,4.504,4.465,4.472,281200.0,1257526.4,0.87,0.09,0.0,0.0,0.0,0.0,0.0,159916.0,159916,2026/4/27 12:13:23
2023-05-19,4.472,4.483,4.465,4.467,18500.0,82639.5,0.4,-0.11,-0.01,0.0,0.0,0.0,0.0,159916.0,159916,2026/4/27 12:13:23
2023-05-22,4.465,4.472,4.459,4.472,507700.0,2270434.4,0.29,0.11,0.01,0.0,0.0,0.0,0.0,159916.0,159916,2026/4/27 12:13:23
2023-05-23,4.472,4.474,4.421,4.421,60100.0,265702.1,1.2,-1.14,-0.05,0.0,0.0,0.0,0.0,159916.0,159916,2026/4/27 12:13:23
2023-05-24,4.369,4.38,4.34,4.341,299600.0,1300563.6,0.92,-1.81,-0.08,0.0,0.0,0.0,0.0,159916.0,159916,2026/4/27 12:13:23
2023-05-25,4.332,4.332,4.289,4.326,108500.0,469371.0,1.0,-0.35,-0.02,0.0,0.0,0.0,0.0,159916.0,159916,2026/4/27 12:13:23
2023-05-26,4.318,4.351,4.284,4.349,680600.0,2959929.4,1.56,0.53,0.02,0.0,0.0,0.0,0.0,159916.0,159916,2026/4/27 12:13:23
2023-05-29,4.34,4.388,4.295,4.312,187400.0,808068.8,2.17,-0.85,-0.04,0.0,0.0,0.0,0.0,159916.0,159916,2026/4/27 12:13:23
2023-05-30,4.3,4.339,4.254,4.321,51300.0,221667.3,2.0,0.21,0.01,0.0,0.0,0.0,0.0,159916.0,159916,2026/4/27 12:13:23
2023-05-31,4.312,4.312,4.266,4.266,88800.0,378820.8,1.08,-1.27,-0.05,0.0,0.0,0.0,0.0,159916.0,159916,2026/4/27 12:13:23
2023-06-01,4.262,4.292,4.261,4.261,106000.0,451666.0,0.73,-0.12,-0.0,0.0,0.0,0.0,0.0,159916.0,159916,2026/4/27 12:13:23
2023-06-02,4.313,4.388,4.301,4.378,691800.0,3028700.4,2.02,2.75,0.12,0.0,0.0,0.0,0.0,159916.0,159916,2026/4/27 12:13:23
2023-06-05,4.378,4.386,4.366,4.366,4600.0,20083.6,0.46,-0.27,-0.01,0.0,0.0,0.0,0.0,159916.0,159916,2026/4/27 12:13:23
2023-06-06,4.411,4.411,4.365,4.365,2200.0,9603.0,1.05,-0.02,-0.0,0.0,0.0,0.0,0.0,159916.0,159916,2026/4/27 12:13:23
2023-06-07,4.38,4.387,4.317,4.357,22800.0,99339.6,1.62,-0.18,-0.01,0.0,0.0,0.0,0.0,159916.0,159916,2026/4/27 12:13:23
2023-06-08,4.388,4.444,4.378,4.444,59000.0,262196.0,1.51,2.0,0.09,0.0,0.0,0.0,0.0,159916.0,159916,2026/4/27 12:13:23
2023-06-09,4.445,4.445,4.406,4.414,8600.0,37960.4,0.89,-0.68,-0.03,0.0,0.0,0.0,0.0,159916.0,159916,2026/4/27 12:13:23
2023-06-12,4.396,4.455,4.396,4.455,800.0,3564.0,1.34,0.93,0.04,0.0,0.0,0.0,0.0,159916.0,159916,2026/4/27 12:13:23
2023-06-13,4.455,4.468,4.435,4.468,3700.0,16531.6,0.74,0.29,0.01,0.0,0.0,0.0,0.0,159916.0,159916,2026/4/27 12:13:23
2023-06-14,4.492,4.511,4.474,4.474,1800.0,8053.2,0.83,0.13,0.01,0.0,0.0,0.0,0.0,159916.0,159916,2026/4/27 12:13:23
2023-06-15,4.511,4.535,4.505,4.531,41500.0,188036.5,0.67,1.27,0.06,0.0,0.0,0.0,0.0,159916.0,159916,2026/4/27 12:13:23
2023-06-16,4.551,4.564,4.531,4.56,6800.0,31008.0,0.73,0.64,0.03,0.0,0.0,0.0,0.0,159916.0,159916,2026/4/27 12:13:23
2023-06-19,4.459,4.557,4.459,4.519,7300.0,32988.7,2.2,-0.9,-0.04,0.0,0.0,0.0,0.0,159916.0,159916,2026/4/27 12:13:23
2023-06-20,4.42,4.52,4.42,4.513,1100.0,4964.3,2.26,-0.13,-0.01,0.0,0.0,0.0,0.0,159916.0,159916,2026/4/27 12:13:23
2023-06-21,4.491,4.491,4.453,4.465,4600.0,20539.0,0.85,-1.06,-0.05,0.0,0.0,0.0,0.0,159916.0,159916,2026/4/27 12:13:23
2023-06-26,4.425,4.429,4.412,4.412,11700.0,51620.4,0.39,-1.19,-0.05,0.0,0.0,0.0,0.0,159916.0,159916,2026/4/27 12:13:23
2023-06-27,4.437,4.503,4.437,4.485,5800.0,26013.0,1.49,1.65,0.07,0.0,0.0,0.0,0.0,159916.0,159916,2026/4/27 12:13:23
2023-06-28,4.465,4.465,4.465,4.465,900.0,4018.5,0.0,-0.45,-0.02,0.0,0.0,0.0,0.0,159916.0,159916,2026/4/27 12:13:23
2023-06-30,4.484,4.489,4.475,4.489,7700.0,34565.3,0.31,0.54,0.02,0.0,0.0,0.0,0.0,159916.0,159916,2026/4/27 12:13:23
2023-07-03,4.56,4.56,4.542,4.544,2200.0,9996.8,0.4,1.23,0.05,0.0,0.0,0.0,0.0,159916.0,159916,2026/4/27 12:13:23
2023-07-04,4.532,4.532,4.519,4.529,14800.0,67029.2,0.29,-0.33,-0.01,0.0,0.0,0.0,0.0,159916.0,159916,2026/4/27 12:13:23
2023-07-05,4.529,4.529,4.525,4.525,41900.0,189597.5,0.09,-0.09,-0.0,0.0,0.0,0.0,0.0,159916.0,159916,2026/4/27 12:13:23
2023-07-06,4.549,4.549,4.517,4.532,17600.0,79763.2,0.71,0.15,0.01,0.0,0.0,0.0,0.0,159916.0,159916,2026/4/27 12:13:23
2023-07-07,4.522,4.532,4.522,4.532,700.0,3172.4,0.22,0.0,0.0,0.0,0.0,0.0,0.0,159916.0,159916,2026/4/27 12:13:23
2023-07-10,4.529,4.529,4.529,4.529,100.0,452.9,0.0,-0.07,-0.0,0.0,0.0,0.0,0.0,159916.0,159916,2026/4/27 12:13:23
2023-07-11,4.54,4.6,4.54,4.55,584200.0,2658110.0,1.32,0.46,0.02,0.0,0.0,0.0,0.0,159916.0,159916,2026/4/27 12:13:23
2023-07-12,4.55,4.559,4.542,4.542,71700.0,325661.4,0.37,-0.18,-0.01,0.0,0.0,0.0,0.0,159916.0,159916,2026/4/27 12:13:23
2023-07-13,4.582,4.591,4.58,4.591,62800.0,288314.8,0.24,1.08,0.05,0.0,0.0,0.0,0.0,159916.0,159916,2026/4/27 12:13:23
2023-07-14,4.594,4.649,4.585,4.605,1172600.0,5399823.0,1.4,0.3,0.01,0.0,0.0,0.0,0.0,159916.0,159916,2026/4/27 12:13:23
2023-07-17,4.573,4.645,4.567,4.567,4064800.0,18563941.6,1.71,-0.83,-0.04,0.0,0.0,0.0,0.0,159916.0,159916,2026/4/27 12:13:23
2023-07-18,4.56,4.574,4.56,4.574,3700.0,16923.8,0.31,0.15,0.01,0.0,0.0,0.0,0.0,159916.0,159916,2026/4/27 12:13:23
2023-07-19,4.559,4.571,4.559,4.571,3700.0,16912.7,0.26,-0.07,-0.0,0.0,0.0,0.0,0.0,159916.0,159916,2026/4/27 12:13:23
2023-07-20,4.599,4.614,4.565,4.576,341400.0,1562246.4,1.07,0.11,0.0,0.0,0.0,0.0,0.0,159916.0,159916,2026/4/27 12:13:23
2023-07-21,4.592,4.658,4.57,4.572,1946900.0,8901226.8,1.93,-0.09,-0.0,0.0,0.0,0.0,0.0,159916.0,159916,2026/4/27 12:13:23
2023-07-24,4.572,4.588,4.558,4.564,250100.0,1141456.4,0.66,-0.17,-0.01,0.0,0.0,0.0,0.0,159916.0,159916,2026/4/27 12:13:23
2023-07-25,4.618,4.736,4.618,4.719,848800.0,4005487.2,2.56,3.4,0.16,0.0,0.0,0.0,0.0,159916.0,159916,2026/4/27 12:13:23
2023-07-26,4.765,4.765,4.71,4.714,9100.0,42897.4,1.17,-0.11,-0.0,0.0,0.0,0.0,0.0,159916.0,159916,2026/4/27 12:13:23
2023-07-27,4.713,4.779,4.713,4.733,49100.0,232390.3,1.4,0.4,0.02,0.0,0.0,0.0,0.0,159916.0,159916,2026/4/27 12:13:23
2023-07-28,4.77,4.898,4.744,4.88,1606800.0,7841184.0,3.25,3.11,0.15,0.0,0.0,0.0,0.0,159916.0,159916,2026/4/27 12:13:23
2023-07-31,4.88,5.01,4.88,4.924,2202000.0,10842648.0,2.66,0.9,0.04,0.0,0.0,0.0,0.0,159916.0,159916,2026/4/27 12:13:23
2023-08-01,4.903,4.96,4.865,4.868,2804300.0,13651332.4,1.95,-1.14,-0.06,0.0,0.0,0.0,0.0,159916.0,159916,2026/4/27 12:13:23
2023-08-02,4.879,4.886,4.839,4.839,174600.0,844889.4,0.97,-0.6,-0.03,0.0,0.0,0.0,0.0,159916.0,159916,2026/4/27 12:13:23
2023-08-03,4.822,4.879,4.82,4.879,10700.0,52205.3,1.22,0.83,0.04,0.0,0.0,0.0,0.0,159916.0,159916,2026/4/27 12:13:23
2023-08-04,4.928,4.941,4.882,4.882,37500.0,183075.0,1.21,0.06,0.0,0.0,0.0,0.0,0.0,159916.0,159916,2026/4/27 12:13:23
2023-08-07,4.884,4.884,4.812,4.813,32410.0,155989.33,1.5,-1.41,-0.07,0.0,0.0,0.0,0.0,159916.0,159916,2026/4/27 12:13:23
2023-08-08,4.811,4.811,4.795,4.795,1200.0,5754.0,0.33,-0.37,-0.02,0.0,0.0,0.0,0.0,159916.0,159916,2026/4/27 12:13:23
2023-08-09,4.838,4.88,4.773,4.799,509000.0,2442691.0,2.24,0.08,0.0,0.0,0.0,0.0,0.0,159916.0,159916,2026/4/27 12:13:23
2023-08-10,4.799,4.846,4.762,4.789,614600.0,2943319.4,1.76,-0.21,-0.01,0.0,0.0,0.0,0.0,159916.0,159916,2026/4/27 12:13:23
2023-08-11,4.83,4.83,4.71,4.715,1032300.0,4867294.5,2.55,-1.55,-0.07,0.0,0.0,0.0,0.0,159916.0,159916,2026/4/27 12:13:23
2023-08-14,4.67,4.67,4.603,4.655,591800.0,2754829.0,1.46,-1.27,-0.06,0.0,0.0,0.0,0.0,159916.0,159916,2026/4/27 12:13:23
2023-08-15,4.655,4.656,4.609,4.633,54500.0,252498.5,1.02,-0.47,-0.02,0.0,0.0,0.0,0.0,159916.0,159916,2026/4/27 12:13:23
2023-08-16,4.659,4.663,4.606,4.658,505600.0,2355084.8,1.24,0.54,0.03,0.0,0.0,0.0,0.0,159916.0,159916,2026/4/27 12:13:23
2023-08-17,4.602,4.658,4.602,4.658,143200.0,667025.6,1.22,0.0,0.0,0.0,0.0,0.0,0.0,159916.0,159916,2026/4/27 12:13:23
2023-08-18,4.66,4.663,4.593,4.593,99100.0,455166.3,1.52,-1.4,-0.07,0.0,0.0,0.0,0.0,159916.0,159916,2026/4/27 12:13:23
2023-08-21,4.569,4.638,4.513,4.543,42100.0,191260.3,2.77,-1.09,-0.05,0.0,0.0,0.0,0.0,159916.0,159916,2026/4/27 12:13:23
2023-08-22,4.543,4.567,4.505,4.567,10000.0,45670.0,1.38,0.53,0.02,0.0,0.0,0.0,0.0,159916.0,159916,2026/4/27 12:13:23
2023-08-23,4.517,4.559,4.477,4.478,42500.0,190315.0,1.83,-1.95,-0.09,0.0,0.0,0.0,0.0,159916.0,159916,2026/4/27 12:13:23
2023-08-24,4.507,4.559,4.481,4.53,1124100.0,5092173.0,1.74,1.16,0.05,0.0,0.0,0.0,0.0,159916.0,159916,2026/4/27 12:13:23
2023-08-25,4.528,4.581,4.509,4.52,2195500.0,9923660.0,1.6,-0.22,-0.01,0.0,0.0,0.0,0.0,159916.0,159916,2026/4/27 12:13:23
2023-08-28,4.665,4.745,4.595,4.662,10583300.0,49339344.6,3.26,3.14,0.14,0.0,0.0,0.0,0.0,159916.0,159916,2026/4/27 12:13:23
2023-08-29,4.663,4.698,4.593,4.667,3403400.0,15883667.8,2.29,0.11,0.0,0.0,0.0,0.0,0.0,159916.0,159916,2026/4/27 12:13:23
2023-08-30,4.71,4.72,4.635,4.693,4783700.0,22449904.1,1.83,0.56,0.03,0.0,0.0,0.0,0.0,159916.0,159916,2026/4/27 12:13:23
2023-08-31,4.693,4.693,4.606,4.614,2261400.0,10434099.6,1.89,-1.68,-0.08,0.0,0.0,0.0,0.0,159916.0,159916,2026/4/27 12:13:23
2023-09-01,4.609,4.744,4.609,4.664,6783300.0,31637311.2,2.93,1.08,0.05,0.0,0.0,0.0,0.0,159916.0,159916,2026/4/27 12:13:23
2023-09-04,4.676,4.753,4.676,4.751,365700.0,1737440.7,1.65,1.87,0.09,0.0,0.0,0.0,0.0,159916.0,159916,2026/4/27 12:13:23
2023-09-05,4.751,4.769,4.7,4.705,1179500.0,5549547.5,1.47,-0.97,-0.05,0.0,0.0,0.0,0.0,159916.0,159916,2026/4/27 12:13:23
2023-09-06,4.678,4.712,4.64,4.692,1387800.0,6511557.6,1.55,-0.28,-0.01,0.0,0.0,0.0,0.0,159916.0,159916,2026/4/27 12:13:23
2023-09-07,4.713,4.713,4.626,4.63,27100.0,125473.0,1.88,-1.32,-0.06,0.0,0.0,0.0,0.0,159916.0,159916,2026/4/27 12:13:23
2023-09-08,4.595,4.621,4.595,4.604,420000.0,1933680.0,0.57,-0.56,-0.03,0.0,0.0,0.0,0.0,159916.0,159916,2026/4/27 12:13:23
2023-09-11,4.605,4.636,4.605,4.626,171700.0,794284.2,0.67,0.48,0.02,0.0,0.0,0.0,0.0,159916.0,159916,2026/4/27 12:13:23
2023-09-12,4.615,4.62,4.611,4.62,12800.0,59136.0,0.2,-0.13,-0.01,0.0,0.0,0.0,0.0,159916.0,159916,2026/4/27 12:13:23
2023-09-13,4.623,4.623,4.585,4.585,39100.0,179273.5,0.83,-0.76,-0.04,0.0,0.0,0.0,0.0,159916.0,159916,2026/4/27 12:13:23
2023-09-14,4.598,4.599,4.572,4.572,20900.0,95554.8,0.59,-0.28,-0.01,0.0,0.0,0.0,0.0,159916.0,159916,2026/4/27 12:13:23
2023-09-15,4.594,4.594,4.543,4.561,33100.0,150969.1,1.12,-0.24,-0.01,0.0,0.0,0.0,0.0,159916.0,159916,2026/4/27 12:13:23
2023-09-18,4.562,4.572,4.539,4.552,72500.0,330020.0,0.73,-0.2,-0.01,0.0,0.0,0.0,0.0,159916.0,159916,2026/4/27 12:13:23
2023-09-19,4.537,4.561,4.537,4.561,14900.0,67958.9,0.53,0.2,0.01,0.0,0.0,0.0,0.0,159916.0,159916,2026/4/27 12:13:23
2023-09-20,4.565,4.573,4.549,4.56,20200.0,92112.0,0.53,-0.02,-0.0,0.0,0.0,0.0,0.0,159916.0,159916,2026/4/27 12:13:23
2023-09-21,4.552,4.552,4.513,4.519,26600.0,120205.4,0.86,-0.9,-0.04,0.0,0.0,0.0,0.0,159916.0,159916,2026/4/27 12:13:23
2023-09-22,4.515,4.58,4.515,4.577,88600.0,405522.2,1.44,1.28,0.06,0.0,0.0,0.0,0.0,159916.0,159916,2026/4/27 12:13:23
2023-09-25,4.553,4.56,4.537,4.54,35600.0,161624.0,0.51,-0.81,-0.04,0.0,0.0,0.0,0.0,159916.0,159916,2026/4/27 12:13:23
2023-09-26,4.573,4.573,4.531,4.531,12500.0,56637.5,0.93,-0.2,-0.01,0.0,0.0,0.0,0.0,159916.0,159916,2026/4/27 12:13:23
2023-09-27,4.522,4.536,4.518,4.524,17000.0,76908.0,0.4,-0.15,-0.01,0.0,0.0,0.0,0.0,159916.0,159916,2026/4/27 12:13:23
2023-09-28,4.543,4.543,4.51,4.512,18208.0,82154.5,0.73,-0.27,-0.01,0.0,0.0,0.0,0.0,159916.0,159916,2026/4/27 12:13:23
2023-10-09,4.52,4.52,4.456,4.515,83800.0,378357.0,1.44,0.07,0.0,0.0,0.0,0.0,0.0,159916.0,159916,2026/4/27 12:13:23
2023-10-10,4.531,4.531,4.487,4.487,50200.0,225247.4,0.98,-0.62,-0.03,0.0,0.0,0.0,0.0,159916.0,159916,2026/4/27 12:13:23
2023-10-11,4.51,4.53,4.469,4.495,985300.0,4428923.5,1.36,0.18,0.01,0.0,0.0,0.0,0.0,159916.0,159916,2026/4/27 12:13:23
2023-10-12,4.531,4.56,4.51,4.519,1415500.0,6396644.5,1.11,0.53,0.02,0.0,0.0,0.0,0.0,159916.0,159916,2026/4/27 12:13:23
2023-10-13,4.452,4.549,4.452,4.496,60600.0,272457.6,2.18,-0.51,-0.02,0.0,0.0,0.0,0.0,159916.0,159916,2026/4/27 12:13:23
2023-10-16,4.455,4.525,4.442,4.443,2266500.0,10070059.5,1.87,-1.18,-0.05,0.0,0.0,0.0,0.0,159916.0,159916,2026/4/27 12:13:23
2023-10-17,4.455,4.465,4.438,4.463,39300.0,175395.9,0.61,0.45,0.02,0.0,0.0,0.0,0.0,159916.0,159916,2026/4/27 12:13:23
2023-10-18,4.433,4.463,4.416,4.416,1687500.0,7452000.0,1.06,-1.05,-0.05,0.0,0.0,0.0,0.0,159916.0,159916,2026/4/27 12:13:23
2023-10-19,4.416,4.416,4.318,4.318,315200.0,1361033.6,2.27,-2.22,-0.1,0.0,0.0,0.0,0.0,159916.0,159916,2026/4/27 12:13:23
2023-10-20,4.22,4.356,4.22,4.284,2304900.0,9874191.6,3.22,-0.79,-0.03,0.0,0.0,0.0,0.0,159916.0,159916,2026/4/27 12:13:23
2023-10-23,4.272,4.289,4.213,4.229,636900.0,2693450.1,1.8,-1.28,-0.05,0.0,0.0,0.0,0.0,159916.0,159916,2026/4/27 12:13:23
2023-10-24,4.244,4.263,4.209,4.26,169500.0,722070.0,1.28,0.73,0.03,0.0,0.0,0.0,0.0,159916.0,159916,2026/4/27 12:13:23
2023-10-25,4.272,4.325,4.26,4.3,864500.0,3717350.0,1.53,0.94,0.04,0.0,0.0,0.0,0.0,159916.0,159916,2026/4/27 12:13:23
2023-10-26,4.286,4.35,4.283,4.328,3301000.0,14286728.0,1.56,0.65,0.03,0.0,0.0,0.0,0.0,159916.0,159916,2026/4/27 12:13:23
2023-10-27,4.314,4.377,4.314,4.369,294000.0,1284486.0,1.46,0.95,0.04,0.0,0.0,0.0,0.0,159916.0,159916,2026/4/27 12:13:23
2023-10-30,4.356,4.413,4.356,4.402,260700.0,1147601.4,1.31,0.76,0.03,0.0,0.0,0.0,0.0,159916.0,159916,2026/4/27 12:13:23
2023-10-31,4.388,4.393,4.353,4.369,196700.0,859382.3,0.92,-0.75,-0.03,0.0,0.0,0.0,0.0,159916.0,159916,2026/4/27 12:13:23
2023-11-01,4.383,4.458,4.353,4.366,5327200.0,23258555.2,2.41,-0.07,-0.0,0.0,0.0,0.0,0.0,159916.0,159916,2026/4/27 12:13:23
2023-11-02,4.354,4.391,4.33,4.343,122500.0,532017.5,1.41,-0.53,-0.02,0.0,0.0,0.0,0.0,159916.0,159916,2026/4/27 12:13:23
2023-11-03,4.33,4.396,4.33,4.368,2884800.0,12600806.4,1.52,0.58,0.03,0.0,0.0,0.0,0.0,159916.0,159916,2026/4/27 12:13:23
2023-11-06,4.382,4.438,4.356,4.433,656700.0,2911151.1,1.88,1.49,0.06,0.0,0.0,0.0,0.0,159916.0,159916,2026/4/27 12:13:23
2023-11-07,4.44,4.44,4.393,4.417,195700.0,864406.9,1.07,-0.36,-0.02,0.0,0.0,0.0,0.0,159916.0,159916,2026/4/27 12:13:23
2023-11-08,4.395,4.415,4.38,4.394,46000.0,202124.0,0.8,-0.52,-0.02,0.0,0.0,0.0,0.0,159916.0,159916,2026/4/27 12:13:23
2023-11-09,4.379,4.409,4.379,4.393,68000.0,298724.0,0.69,-0.02,-0.0,0.0,0.0,0.0,0.0,159916.0,159916,2026/4/27 12:13:23
2023-11-10,4.379,4.379,4.352,4.374,49900.0,218262.6,0.62,-0.43,-0.02,0.0,0.0,0.0,0.0,159916.0,159916,2026/4/27 12:13:23
2023-11-13,4.365,4.365,4.333,4.365,121100.0,528601.5,0.74,-0.21,-0.01,0.0,0.0,0.0,0.0,159916.0,159916,2026/4/27 12:13:23
2023-11-14,4.351,4.364,4.351,4.355,92900.0,404579.5,0.3,-0.23,-0.01,0.0,0.0,0.0,0.0,159916.0,159916,2026/4/27 12:13:23
2023-11-15,4.354,4.403,4.354,4.379,68300.0,299085.7,1.13,0.55,0.02,0.0,0.0,0.0,0.0,159916.0,159916,2026/4/27 12:13:23
2023-11-16,4.379,4.379,4.353,4.353,110000.0,478830.0,0.6,-0.59,-0.03,0.0,0.0,0.0,0.0,159916.0,159916,2026/4/27 12:13:23
2023-11-17,4.351,4.353,4.324,4.325,93600.0,404820.0,0.67,-0.64,-0.03,0.0,0.0,0.0,0.0,159916.0,159916,2026/4/27 12:13:23
2023-11-20,4.341,4.365,4.336,4.358,29000.0,126382.0,0.67,0.76,0.03,0.0,0.0,0.0,0.0,159916.0,159916,2026/4/27 12:13:23
2023-11-21,4.365,4.422,4.365,4.37,139100.0,607867.0,1.31,0.28,0.01,0.0,0.0,0.0,0.0,159916.0,159916,2026/4/27 12:13:23
2023-11-22,4.364,4.377,4.322,4.322,36900.0,159481.8,1.27,-1.1,-0.05,0.0,0.0,0.0,0.0,159916.0,159916,2026/4/27 12:13:23
2023-11-23,4.336,4.378,4.323,4.371,208900.0,913101.9,1.27,1.13,0.05,0.0,0.0,0.0,0.0,159916.0,159916,2026/4/27 12:13:23
2023-11-24,4.364,4.381,4.364,4.364,120400.0,525425.6,0.39,-0.16,-0.01,0.0,0.0,0.0,0.0,159916.0,159916,2026/4/27 12:13:23
2023-11-27,4.35,4.376,4.327,4.363,4352787.0,18991209.68,1.13,-0.02,-0.0,0.0,0.0,0.0,0.0,159916.0,159916,2026/4/27 12:13:23
2023-11-28,4.35,4.375,4.319,4.37,2786800.0,12178316.0,1.3,0.16,0.01,0.0,0.0,0.0,0.0,159916.0,159916,2026/4/27 12:13:23
2023-11-29,4.37,4.37,4.32,4.324,126500.0,546986.0,1.16,-1.05,-0.05,0.0,0.0,0.0,0.0,159916.0,159916,2026/4/27 12:13:23
2023-11-30,4.313,4.313,4.297,4.311,162200.0,699244.2,0.37,-0.3,-0.01,0.0,0.0,0.0,0.0,159916.0,159916,2026/4/27 12:13:23
2023-12-01,4.292,4.292,4.236,4.26,203300.0,866058.0,1.32,-1.18,-0.05,0.0,0.0,0.0,0.0,159916.0,159916,2026/4/27 12:13:23
2023-12-04,4.26,4.26,4.228,4.237,7800.0,33048.6,0.76,-0.54,-0.02,0.0,0.0,0.0,0.0,159916.0,159916,2026/4/27 12:13:23
2023-12-05,4.228,4.23,4.166,4.167,30500.0,127093.5,1.54,-1.65,-0.07,0.0,0.0,0.0,0.0,159916.0,159916,2026/4/27 12:13:23
2023-12-06,4.161,4.196,4.15,4.173,89700.0,374318.1,1.11,0.14,0.01,0.0,0.0,0.0,0.0,159916.0,159916,2026/4/27 12:13:23
2023-12-07,4.163,4.192,4.16,4.19,53400.0,223746.0,0.77,0.41,0.02,0.0,0.0,0.0,0.0,159916.0,159916,2026/4/27 12:13:23
2023-12-08,4.19,4.238,4.167,4.167,4404500.0,18353551.5,1.7,-0.55,-0.02,0.0,0.0,0.0,0.0,159916.0,159916,2026/4/27 12:13:23
2023-12-11,4.13,4.184,4.11,4.174,72500.0,302615.0,1.8,0.17,0.01,0.0,0.0,0.0,0.0,159916.0,159916,2026/4/27 12:13:23
2023-12-12,4.15,4.205,4.15,4.205,0.0,0.0,1.33,0.74,0.03,0.0,0.0,0.0,0.0,159916.0,159916,2026/4/27 12:13:23
2023-12-13,4.213,4.213,4.136,4.137,51900.0,214710.3,1.86,-1.62,-0.07,0.0,0.0,0.0,0.0,159916.0,159916,2026/4/27 12:13:23
2023-12-14,4.137,4.158,4.107,4.107,0.0,0.0,1.24,-0.73,-0.03,0.0,0.0,0.0,0.0,159916.0,159916,2026/4/27 12:13:23
2023-12-15,4.126,4.148,4.108,4.11,0.0,0.0,0.97,0.07,0.0,0.0,0.0,0.0,0.0,159916.0,159916,2026/4/27 12:13:23
2023-12-18,4.1,4.123,4.069,4.09,42300.0,173007.0,1.33,-0.49,-0.02,0.0,0.0,0.0,0.0,159916.0,159916,2026/4/27 12:13:23
2023-12-19,4.1,4.1,4.06,4.068,23600.0,96004.8,0.99,-0.54,-0.02,0.0,0.0,0.0,0.0,159916.0,159916,2026/4/27 12:13:23
2023-12-20,4.068,4.073,4.028,4.028,66100.0,266250.8,1.12,-0.98,-0.04,0.0,0.0,0.0,0.0,159916.0,159916,2026/4/27 12:13:23
2023-12-21,4.037,4.064,4.019,4.054,145600.0,590262.4,1.12,0.65,0.03,0.0,0.0,0.0,0.0,159916.0,159916,2026/4/27 12:13:23
2023-12-22,4.046,4.075,4.045,4.048,143800.0,582102.4,0.74,-0.15,-0.01,0.0,0.0,0.0,0.0,159916.0,159916,2026/4/27 12:13:23
2023-12-25,4.064,4.067,4.053,4.064,497300.0,2021027.2,0.35,0.4,0.02,0.0,0.0,0.0,0.0,159916.0,159916,2026/4/27 12:13:23
2023-12-26,4.059,4.059,4.034,4.036,97400.0,393106.4,0.62,-0.69,-0.03,0.0,0.0,0.0,0.0,159916.0,159916,2026/4/27 12:13:23
2023-12-27,4.047,4.08,4.034,4.078,565700.0,2306924.6,1.14,1.04,0.04,0.0,0.0,0.0,0.0,159916.0,159916,2026/4/27 12:13:23
2023-12-28,4.069,4.157,4.069,4.145,738800.0,3062326.0,2.16,1.64,0.07,0.0,0.0,0.0,0.0,159916.0,159916,2026/4/27 12:13:23
2023-12-29,4.135,4.191,4.135,4.176,760900.0,3177518.4,1.35,0.75,0.03,0.0,0.0,0.0,0.0,159916.0,159916,2026/4/27 12:13:23
2024-01-02,4.168,4.168,4.146,4.15,156500.0,649475.0,0.53,-0.62,-0.03,0.0,0.0,0.0,0.0,159916.0,159916,2026/4/27 12:13:23
2024-01-03,4.135,4.146,4.113,4.129,24700.0,101986.3,0.8,-0.51,-0.02,0.0,0.0,0.0,0.0,159916.0,159916,2026/4/27 12:13:23
2024-01-04,4.124,4.124,4.08,4.102,154700.0,634579.4,1.08,-0.65,-0.03,0.0,0.0,0.0,0.0,159916.0,159916,2026/4/27 12:13:23
2024-01-05,4.113,4.135,4.09,4.107,191700.0,787311.9,1.1,0.12,0.0,0.0,0.0,0.0,0.0,159916.0,159916,2026/4/27 12:13:23
2024-01-08,4.113,4.117,4.064,4.068,594200.0,2417205.6,1.3,-0.95,-0.04,0.0,0.0,0.0,0.0,159916.0,159916,2026/4/27 12:13:23
2024-01-09,4.068,4.085,4.047,4.075,283700.0,1156077.5,0.94,0.17,0.01,0.0,0.0,0.0,0.0,159916.0,159916,2026/4/27 12:13:23
2024-01-10,4.058,4.081,4.034,4.058,72800.0,295422.4,1.17,-0.42,-0.02,0.0,0.0,0.0,0.0,159916.0,159916,2026/4/27 12:13:23
2024-01-11,4.047,4.082,4.042,4.074,173700.0,707653.8,0.99,0.39,0.02,0.0,0.0,0.0,0.0,159916.0,159916,2026/4/27 12:13:23
2024-01-12,4.079,4.091,4.033,4.063,74400.0,302287.2,1.44,-0.27,-0.01,0.0,0.0,0.0,0.0,159916.0,159916,2026/4/27 12:13:23
2024-01-15,4.058,4.08,4.032,4.055,169000.0,685295.0,1.19,-0.2,-0.01,0.0,0.0,0.0,0.0,159916.0,159916,2026/4/27 12:13:23
2024-01-16,4.047,4.08,4.014,4.08,187900.0,766632.0,1.64,0.62,0.03,0.0,0.0,0.0,0.0,159916.0,159916,2026/4/27 12:13:23
2024-01-17,4.073,4.073,4.01,4.01,29700.0,119097.0,1.57,-1.72,-0.07,0.0,0.0,0.0,0.0,159916.0,159916,2026/4/27 12:13:23
2024-01-18,3.999,4.025,3.729,4.025,285500.0,1149137.5,7.94,0.37,0.02,0.0,0.0,0.0,0.0,159916.0,159916,2026/4/27 12:13:23
2024-01-19,3.99,4.019,3.99,3.995,136200.0,544119.0,0.73,-0.75,-0.03,0.0,0.0,0.0,0.0,159916.0,159916,2026/4/27 12:13:23
2024-01-22,3.992,3.999,3.715,3.896,149600.0,582841.6,7.64,-2.48,-0.1,0.0,0.0,0.0,0.0,159916.0,159916,2026/4/27 12:13:23
2024-01-23,3.884,3.947,3.872,3.939,51800.0,204040.2,1.94,1.1,0.04,0.0,0.0,0.0,0.0,159916.0,159916,2026/4/27 12:13:23
2024-01-24,3.956,4.004,3.908,3.997,171200.0,684286.4,2.46,1.47,0.06,0.0,0.0,0.0,0.0,159916.0,159916,2026/4/27 12:13:23
2024-01-25,4.004,4.1,4.004,4.093,49300.0,201784.9,2.4,2.4,0.1,0.0,0.0,0.0,0.0,159916.0,159916,2026/4/27 12:13:23
2024-01-26,4.088,4.127,4.077,4.115,165100.0,679386.5,1.23,0.54,0.02,0.0,0.0,0.0,0.0,159916.0,159916,2026/4/27 12:13:23
2024-01-29,4.124,4.148,4.124,4.124,90300.0,372397.2,0.58,0.22,0.01,0.0,0.0,0.0,0.0,159916.0,159916,2026/4/27 12:13:23
2024-01-30,4.112,4.114,4.054,4.054,20000.0,81080.0,1.48,-1.7,-0.07,0.0,0.0,0.0,0.0,159916.0,159916,2026/4/27 12:13:23
2024-01-31,4.044,4.058,4.002,4.03,68500.0,276055.0,1.4,-0.59,-0.02,0.0,0.0,0.0,0.0,159916.0,159916,2026/4/27 12:13:23
2024-02-01,4.016,4.058,3.985,4.03,74200.0,299026.0,1.83,0.0,0.0,0.0,0.0,0.0,0.0,159916.0,159916,2026/4/27 12:13:23
2024-02-02,4.044,4.058,3.904,4.002,106600.0,426613.2,3.94,-0.69,-0.03,0.0,0.0,0.0,0.0,159916.0,159916,2026/4/27 12:13:23
2024-02-05,3.988,4.044,3.903,4.016,240200.0,964643.2,3.61,0.35,0.01,0.0,0.0,0.0,0.0,159916.0,159916,2026/4/27 12:13:23
2024-02-06,4.002,4.128,3.678,4.115,513900.0,2114698.5,12.23,2.47,0.1,0.0,0.0,0.0,0.0,159916.0,159916,2026/4/27 12:13:23
2024-02-07,4.1,4.156,4.1,4.156,502700.0,2089221.2,1.37,1.0,0.04,0.0,0.0,0.0,0.0,159916.0,159916,2026/4/27 12:13:23
2024-02-08,4.168,4.209,4.168,4.198,22100.0,92775.8,0.98,1.01,0.04,0.0,0.0,0.0,0.0,159916.0,159916,2026/4/27 12:13:23
2024-02-19,4.213,4.24,4.199,4.236,21900.0,92768.4,0.98,0.91,0.04,0.0,0.0,0.0,0.0,159916.0,159916,2026/4/27 12:13:23
2024-02-20,4.225,4.314,4.184,4.263,748300.0,3190002.9,3.11,0.64,0.03,0.0,0.0,0.0,0.0,159916.0,159916,2026/4/27 12:13:23
2024-02-21,4.258,4.363,4.202,4.313,666000.0,2872458.0,3.83,1.17,0.05,0.0,0.0,0.0,0.0,159916.0,159916,2026/4/27 12:13:23
2024-02-22,4.32,4.334,4.278,4.33,707000.0,3061310.0,1.31,0.39,0.02,0.0,0.0,0.0,0.0,159916.0,159916,2026/4/27 12:13:23
2024-02-23,4.318,4.333,4.289,4.318,45300.0,195605.4,1.03,-0.28,-0.01,0.0,0.0,0.0,0.0,159916.0,159916,2026/4/27 12:13:23
2024-02-26,4.303,4.318,4.288,4.293,30700.0,131795.1,0.7,-0.58,-0.02,0.0,0.0,0.0,0.0,159916.0,159916,2026/4/27 12:13:23
2024-02-27,4.288,4.333,4.288,4.333,37708.0,163388.76,1.05,0.93,0.04,0.0,0.0,0.0,0.0,159916.0,159916,2026/4/27 12:13:23
2024-02-28,4.345,4.345,4.282,4.282,39000.0,166998.0,1.47,-1.18,-0.05,0.0,0.0,0.0,0.0,159916.0,159916,2026/4/27 12:13:23
2024-02-29,4.239,4.352,4.239,4.351,42700.0,185787.7,2.67,1.61,0.07,0.0,0.0,0.0,0.0,159916.0,159916,2026/4/27 12:13:23
2024-03-01,4.363,4.388,4.343,4.386,116300.0,510091.8,1.04,0.8,0.04,0.0,0.0,0.0,0.0,159916.0,159916,2026/4/27 12:13:23
2024-03-04,4.386,4.386,4.322,4.345,64200.0,278949.0,1.48,-0.93,-0.04,0.0,0.0,0.0,0.0,159916.0,159916,2026/4/27 12:13:23
2024-03-05,4.318,4.365,4.318,4.363,132900.0,579842.7,1.09,0.41,0.02,0.0,0.0,0.0,0.0,159916.0,159916,2026/4/27 12:13:23
2024-03-06,4.348,4.363,4.337,4.343,60100.0,261014.3,0.6,-0.46,-0.02,0.0,0.0,0.0,0.0,159916.0,159916,2026/4/27 12:13:23
2024-03-07,4.358,4.401,4.348,4.358,14100.0,61447.8,1.22,0.35,0.01,0.0,0.0,0.0,0.0,159916.0,159916,2026/4/27 12:13:23
2024-03-08,4.333,4.357,4.32,4.357,18600.0,81040.2,0.86,-0.02,-0.0,0.0,0.0,0.0,0.0,159916.0,159916,2026/4/27 12:13:23
2024-03-11,4.363,4.393,4.348,4.393,27400.0,120368.2,1.03,0.83,0.04,0.0,0.0,0.0,0.0,159916.0,159916,2026/4/27 12:13:23
2024-03-12,4.393,4.408,4.338,4.396,98400.0,432566.4,1.61,0.07,0.0,0.0,0.0,0.0,0.0,159916.0,159916,2026/4/27 12:13:23
2024-03-13,4.396,4.396,4.353,4.359,81300.0,354386.7,0.99,-0.84,-0.04,0.0,0.0,0.0,0.0,159916.0,159916,2026/4/27 12:13:23
2024-03-14,4.378,4.393,4.348,4.367,72300.0,315734.1,1.03,0.18,0.01,0.0,0.0,0.0,0.0,159916.0,159916,2026/4/27 12:13:23
2024-03-15,4.348,4.363,4.325,4.363,73600.0,321116.8,0.88,-0.09,-0.0,0.0,0.0,0.0,0.0,159916.0,159916,2026/4/27 12:13:23
2024-03-18,4.371,4.378,4.348,4.378,7300.0,31959.4,0.69,0.34,0.01,0.0,0.0,0.0,0.0,159916.0,159916,2026/4/27 12:13:23
2024-03-19,4.393,4.401,4.378,4.379,33200.0,145382.8,0.53,0.02,0.0,0.0,0.0,0.0,0.0,159916.0,159916,2026/4/27 12:13:23
2024-03-20,4.363,4.365,4.3,4.365,33200.0,144918.0,1.51,-0.32,-0.01,0.0,0.0,0.0,0.0,159916.0,159916,2026/4/27 12:13:23
2024-03-21,4.378,4.378,4.363,4.378,7900.0,34586.2,0.34,0.3,0.01,0.0,0.0,0.0,0.0,159916.0,159916,2026/4/27 12:13:23
2024-03-22,4.363,4.363,4.307,4.335,82300.0,356770.5,1.3,-0.98,-0.04,0.0,0.0,0.0,0.0,159916.0,159916,2026/4/27 12:13:23
2024-03-25,4.318,4.368,4.25,4.326,101300.0,438223.8,2.78,-0.21,-0.01,0.0,0.0,0.0,0.0,159916.0,159916,2026/4/27 12:13:23
2024-03-26,4.329,4.348,4.329,4.348,9600.0,41740.8,0.44,0.51,0.02,0.0,0.0,0.0,0.0,159916.0,159916,2026/4/27 12:13:23
2024-03-27,4.363,4.363,4.311,4.311,15000.0,64665.0,1.21,-0.85,-0.04,0.0,0.0,0.0,0.0,159916.0,159916,2026/4/27 12:13:23
2024-03-28,4.311,4.367,4.295,4.332,25600.0,110899.2,1.68,0.49,0.02,0.0,0.0,0.0,0.0,159916.0,159916,2026/4/27 12:13:23
2024-03-29,4.34,4.343,4.325,4.343,7800.0,33875.4,0.42,0.25,0.01,0.0,0.0,0.0,0.0,159916.0,159916,2026/4/27 12:13:23
2024-04-01,4.343,4.454,4.343,4.448,99300.0,441686.4,2.56,2.42,0.11,0.0,0.0,0.0,0.0,159916.0,159916,2026/4/27 12:13:23
2024-04-02,4.448,4.454,4.42,4.427,118800.0,525927.6,0.77,-0.47,-0.02,0.0,0.0,0.0,0.0,159916.0,159916,2026/4/27 12:13:23
2024-04-03,4.422,4.441,4.421,4.441,9200.0,40857.2,0.45,0.32,0.01,0.0,0.0,0.0,0.0,159916.0,159916,2026/4/27 12:13:23
2024-04-08,4.42,4.435,4.404,4.404,3800.0,16735.2,0.7,-0.83,-0.04,0.0,0.0,0.0,0.0,159916.0,159916,2026/4/27 12:13:23
2024-04-09,4.419,4.419,4.359,4.364,84100.0,367012.4,1.38,-0.91,-0.04,0.0,0.0,0.0,0.0,159916.0,159916,2026/4/27 12:13:23
2024-04-10,4.344,4.359,4.299,4.326,152700.0,660580.2,1.4,-0.87,-0.04,0.0,0.0,0.0,0.0,159916.0,159916,2026/4/27 12:13:23
2024-04-11,4.31,4.34,4.295,4.325,21500.0,92987.5,1.05,-0.02,-0.0,0.0,0.0,0.0,0.0,159916.0,159916,2026/4/27 12:13:23
2024-04-12,4.34,4.395,4.241,4.281,15700.0,67211.7,3.63,-1.02,-0.04,0.0,0.0,0.0,0.0,159916.0,159916,2026/4/27 12:13:23
2024-04-15,4.295,4.361,4.269,4.338,28200.0,122331.6,2.16,1.33,0.06,0.0,0.0,0.0,0.0,159916.0,159916,2026/4/27 12:13:23
2024-04-16,4.338,4.355,4.29,4.312,601800.0,2594961.6,1.52,-0.6,-0.03,0.0,0.0,0.0,0.0,159916.0,159916,2026/4/27 12:13:23
2024-04-17,4.31,4.389,4.31,4.361,54600.0,238110.6,1.83,1.14,0.05,0.0,0.0,0.0,0.0,159916.0,159916,2026/4/27 12:13:23
2024-04-18,4.362,4.446,4.362,4.414,177700.0,784367.8,1.93,1.22,0.05,0.0,0.0,0.0,0.0,159916.0,159916,2026/4/27 12:13:23
2024-04-19,4.414,4.414,4.36,4.366,252400.0,1101978.4,1.24,-1.09,-0.05,0.0,0.0,0.0,0.0,159916.0,159916,2026/4/27 12:13:23
2024-04-22,4.384,4.385,4.348,4.348,54700.0,237835.6,0.85,-0.41,-0.02,0.0,0.0,0.0,0.0,159916.0,159916,2026/4/27 12:13:23
2024-04-23,4.339,4.339,4.298,4.318,3224500.0,13923391.0,0.95,-0.69,-0.03,0.0,0.0,0.0,0.0,159916.0,159916,2026/4/27 12:13:23
2024-04-24,4.3,4.309,4.27,4.288,315200.0,1351577.6,0.91,-0.69,-0.03,0.0,0.0,0.0,0.0,159916.0,159916,2026/4/27 12:13:23
2024-04-25,4.309,4.338,4.309,4.309,88600.0,381777.4,0.67,0.49,0.02,0.0,0.0,0.0,0.0,159916.0,159916,2026/4/27 12:13:23
2024-04-26,4.324,4.375,4.31,4.375,66100.0,289187.5,1.51,1.53,0.07,0.0,0.0,0.0,0.0,159916.0,159916,2026/4/27 12:13:23
2024-04-29,4.378,4.461,4.373,4.423,94200.0,416646.6,2.01,1.1,0.05,0.0,0.0,0.0,0.0,159916.0,159916,2026/4/27 12:13:23
2024-04-30,4.423,4.477,4.409,4.409,72800.0,320975.2,1.54,-0.32,-0.01,0.0,0.0,0.0,0.0,159916.0,159916,2026/4/27 12:13:23
2024-05-06,4.438,4.531,4.438,4.521,104700.0,473348.7,2.1,2.54,0.11,0.0,0.0,0.0,0.0,159916.0,159916,2026/4/27 12:13:23
2024-05-07,4.502,4.534,4.476,4.497,111900.0,503214.3,1.3,-0.53,-0.02,0.0,0.0,0.0,0.0,159916.0,159916,2026/4/27 12:13:23
2024-05-08,4.486,4.486,4.437,4.437,693200.0,3075728.4,1.1,-1.33,-0.06,0.0,0.0,0.0,0.0,159916.0,159916,2026/4/27 12:13:23
2024-05-09,4.47,4.535,4.47,4.531,726900.0,3293583.9,1.45,2.12,0.09,0.0,0.0,0.0,0.0,159916.0,159916,2026/4/27 12:13:23
2024-05-10,4.541,4.561,4.49,4.538,1108100.0,5028557.8,1.58,0.15,0.01,0.0,0.0,0.0,0.0,159916.0,159916,2026/4/27 12:13:23
2024-05-13,4.534,4.582,4.511,4.582,912600.0,4181533.2,1.57,0.97,0.04,0.0,0.0,0.0,0.0,159916.0,159916,2026/4/27 12:13:23
2024-05-14,4.567,4.57,4.53,4.531,302200.0,1369268.2,0.88,-1.11,-0.05,0.0,0.0,0.0,0.0,159916.0,159916,2026/4/27 12:13:23
2024-05-15,4.528,4.566,4.513,4.513,177000.0,798801.0,1.17,-0.4,-0.02,0.0,0.0,0.0,0.0,159916.0,159916,2026/4/27 12:13:23
2024-05-16,4.534,4.582,4.529,4.551,199100.0,906104.1,1.17,0.84,0.04,0.0,0.0,0.0,0.0,159916.0,159916,2026/4/27 12:13:23
2024-05-17,4.534,4.624,4.53,4.624,154800.0,715795.2,2.08,1.6,0.07,0.0,0.0,0.0,0.0,159916.0,159916,2026/4/27 12:13:23
2024-05-20,4.634,4.675,4.604,4.615,672100.0,3101741.5,1.54,-0.19,-0.01,0.0,0.0,0.0,0.0,159916.0,159916,2026/4/27 12:13:23
2024-05-21,4.633,4.633,4.59,4.601,191600.0,881551.6,0.94,-0.3,-0.01,0.0,0.0,0.0,0.0,159916.0,159916,2026/4/27 12:13:23
2024-05-22,4.594,4.637,4.585,4.607,234500.0,1080341.5,1.13,0.13,0.01,0.0,0.0,0.0,0.0,159916.0,159916,2026/4/27 12:13:23
2024-05-23,4.594,4.615,4.539,4.545,607800.0,2762451.0,1.67,-1.35,-0.06,0.0,0.0,0.0,0.0,159916.0,159916,2026/4/27 12:13:23
2024-05-24,4.544,4.557,4.509,4.512,197700.0,892022.4,1.06,-0.73,-0.03,0.0,0.0,0.0,0.0,159916.0,159916,2026/4/27 12:13:23
2024-05-27,4.504,4.551,4.504,4.551,5800.0,26395.8,1.04,0.86,0.04,0.0,0.0,0.0,0.0,159916.0,159916,2026/4/27 12:13:23
2024-05-28,4.514,4.534,4.436,4.479,618600.0,2770709.4,2.21,-1.58,-0.07,0.0,0.0,0.0,0.0,159916.0,159916,2026/4/27 12:13:23
2024-05-29,4.485,4.493,4.412,4.453,631900.0,2813850.7,1.84,-0.58,-0.03,0.0,0.0,0.0,0.0,159916.0,159916,2026/4/27 12:13:23
2024-05-30,4.459,4.477,4.433,4.433,70500.0,312526.5,0.99,-0.45,-0.02,0.0,0.0,0.0,0.0,159916.0,159916,2026/4/27 12:13:23
2024-05-31,4.453,4.461,4.384,4.427,633677.0,2805288.08,1.76,-0.14,-0.01,0.0,0.0,0.0,0.0,159916.0,159916,2026/4/27 12:13:23
2024-06-03,4.426,4.436,4.4,4.413,33800.0,149159.4,0.82,-0.32,-0.01,0.0,0.0,0.0,0.0,159916.0,159916,2026/4/27 12:13:23
2024-06-04,4.393,4.475,4.393,4.467,85400.0,381481.8,1.87,1.22,0.05,0.0,0.0,0.0,0.0,159916.0,159916,2026/4/27 12:13:23
2024-06-05,4.45,4.462,4.421,4.424,10400.0,46009.6,0.93,-0.96,-0.04,0.0,0.0,0.0,0.0,159916.0,159916,2026/4/27 12:13:23
2024-06-06,4.42,4.449,4.415,4.425,89000.0,393825.0,0.77,0.02,0.0,0.0,0.0,0.0,0.0,159916.0,159916,2026/4/27 12:13:23
2024-06-07,4.41,4.429,4.391,4.429,73200.0,324202.8,0.87,0.09,0.0,0.0,0.0,0.0,0.0,159916.0,159916,2026/4/27 12:13:23
2024-06-11,4.41,4.41,4.358,4.378,98600.0,431670.8,1.19,-1.15,-0.05,0.0,0.0,0.0,0.0,159916.0,159916,2026/4/27 12:13:23
2024-06-12,4.353,4.391,4.353,4.37,27000.0,117990.0,0.87,-0.18,-0.01,0.0,0.0,0.0,0.0,159916.0,159916,2026/4/27 12:13:23
2024-06-13,4.365,4.365,4.305,4.307,91500.0,394090.5,1.39,-1.44,-0.06,0.0,0.0,0.0,0.0,159916.0,159916,2026/4/27 12:13:23
2024-06-14,4.307,4.365,4.299,4.358,96100.0,418803.8,1.54,1.18,0.05,0.0,0.0,0.0,0.0,159916.0,159916,2026/4/27 12:13:23
2024-06-17,4.36,4.36,4.323,4.326,131000.0,566706.0,0.86,-0.73,-0.03,0.0,0.0,0.0,0.0,159916.0,159916,2026/4/27 12:13:23
2024-06-18,4.324,4.341,4.319,4.341,345800.0,1501117.8,0.51,0.35,0.02,0.0,0.0,0.0,0.0,159916.0,159916,2026/4/27 12:13:23
2024-06-19,4.316,4.329,4.311,4.316,120200.0,518783.2,0.42,-0.58,-0.03,0.0,0.0,0.0,0.0,159916.0,159916,2026/4/27 12:13:23
2024-06-20,4.311,4.311,4.273,4.274,450100.0,1923727.4,0.89,-0.97,-0.04,0.0,0.0,0.0,0.0,159916.0,159916,2026/4/27 12:13:23
2024-06-21,4.271,4.283,4.257,4.266,27600.0,117741.6,0.61,-0.19,-0.01,0.0,0.0,0.0,0.0,159916.0,159916,2026/4/27 12:13:23
2024-06-24,4.257,4.257,4.235,4.239,13100.0,55530.9,0.52,-0.63,-0.03,0.0,0.0,0.0,0.0,159916.0,159916,2026/4/27 12:13:23
2024-06-25,4.237,4.28,4.233,4.254,63400.0,269703.6,1.11,0.35,0.01,0.0,0.0,0.0,0.0,159916.0,159916,2026/4/27 12:13:23
2024-06-26,4.271,4.279,4.224,4.279,20000.0,85580.0,1.3,0.59,0.03,0.0,0.0,0.0,0.0,159916.0,159916,2026/4/27 12:13:23
2024-06-27,4.255,4.258,4.237,4.238,8900.0,37718.2,0.5,-0.96,-0.04,0.0,0.0,0.0,0.0,159916.0,159916,2026/4/27 12:13:23
2024-06-28,4.254,4.279,4.232,4.232,134600.0,569627.2,1.11,-0.14,-0.01,0.0,0.0,0.0,0.0,159916.0,159916,2026/4/27 12:13:23
2024-07-01,4.245,4.273,4.245,4.271,34400.0,146922.4,0.66,0.92,0.04,0.0,0.0,0.0,0.0,159916.0,159916,2026/4/27 12:13:23
2024-07-02,4.255,4.268,4.228,4.232,51900.0,219640.8,0.95,-0.91,-0.04,0.0,0.0,0.0,0.0,159916.0,159916,2026/4/27 12:13:23
2024-07-03,4.219,4.242,4.219,4.229,9700.0,41021.3,0.55,-0.07,-0.0,0.0,0.0,0.0,0.0,159916.0,159916,2026/4/27 12:13:23
2024-07-04,4.246,4.249,4.201,4.201,20600.0,86540.6,1.14,-0.66,-0.03,0.0,0.0,0.0,0.0,159916.0,159916,2026/4/27 12:13:23
2024-07-05,4.183,4.184,4.143,4.179,80000.0,334320.0,0.99,-0.52,-0.02,0.0,0.0,0.0,0.0,159916.0,159916,2026/4/27 12:13:23
2024-07-08,4.166,4.166,4.128,4.13,14800.0,61124.0,0.92,-1.17,-0.05,0.0,0.0,0.0,0.0,159916.0,159916,2026/4/27 12:13:23
2024-07-09,4.093,4.179,4.093,4.166,160500.0,668643.0,2.1,0.87,0.04,0.0,0.0,0.0,0.0,159916.0,159916,2026/4/27 12:13:23
2024-07-10,4.168,4.193,4.168,4.17,13500.0,56295.0,0.6,0.1,0.0,0.0,0.0,0.0,0.0,159916.0,159916,2026/4/27 12:13:23
2024-07-11,4.218,4.247,4.218,4.218,131700.0,555510.6,0.69,1.15,0.05,0.0,0.0,0.0,0.0,159916.0,159916,2026/4/27 12:13:23
2024-07-12,4.24,4.267,4.24,4.26,92500.0,394050.0,0.64,1.0,0.04,0.0,0.0,0.0,0.0,159916.0,159916,2026/4/27 12:13:23
2024-07-15,4.218,4.245,4.218,4.242,6000.0,25452.0,0.64,-0.42,-0.02,0.0,0.0,0.0,0.0,159916.0,159916,2026/4/27 12:13:23
2024-07-16,4.185,4.248,4.185,4.242,2200.0,9332.4,1.51,0.0,0.0,0.0,0.0,0.0,0.0,159916.0,159916,2026/4/27 12:13:23
2024-07-17,4.242,4.261,4.242,4.261,9600.0,40905.6,0.45,0.45,0.02,0.0,0.0,0.0,0.0,159916.0,159916,2026/4/27 12:13:23
2024-07-18,4.261,4.302,4.151,4.273,37200.0,158955.6,3.64,0.28,0.01,0.0,0.0,0.0,0.0,159916.0,159916,2026/4/27 12:13:23
2024-07-19,4.25,4.282,4.249,4.277,39600.0,169369.2,0.78,0.09,0.0,0.0,0.0,0.0,0.0,159916.0,159916,2026/4/27 12:13:23
2024-07-22,4.32,4.32,4.221,4.238,91800.0,389048.4,2.35,-0.91,-0.04,0.0,0.0,0.0,0.0,159916.0,159916,2026/4/27 12:13:23
2024-07-23,4.221,4.221,4.145,4.145,75100.0,311289.5,1.83,-2.19,-0.09,0.0,0.0,0.0,0.0,159916.0,159916,2026/4/27 12:13:23
2024-07-24,4.04,4.138,4.04,4.07,12000.0,48840.0,2.43,-1.81,-0.07,0.0,0.0,0.0,0.0,159916.0,159916,2026/4/27 12:13:23
2024-07-25,4.07,4.11,3.901,4.074,4000.0,16296.0,5.36,0.1,0.0,0.0,0.0,0.0,0.0,159916.0,159916,2026/4/27 12:13:23
2024-07-26,4.114,4.159,4.114,4.15,8400.0,34860.0,1.09,1.87,0.08,0.0,0.0,0.0,0.0,159916.0,159916,2026/4/27 12:13:23
2024-07-29,4.113,4.118,4.073,4.073,5800.0,23623.4,1.1,-1.86,-0.08,0.0,0.0,0.0,0.0,159916.0,159916,2026/4/27 12:13:23
2024-07-30,4.073,4.073,4.066,4.066,21100.0,85792.6,0.17,-0.17,-0.01,0.0,0.0,0.0,0.0,159916.0,159916,2026/4/27 12:13:23
2024-07-31,4.107,4.2,4.107,4.2,123100.0,517020.0,2.26,3.3,0.13,0.0,0.0,0.0,0.0,159916.0,159916,2026/4/27 12:13:23
2024-08-01,4.241,4.241,4.157,4.157,12800.0,53209.6,2.02,-1.02,-0.04,0.0,0.0,0.0,0.0,159916.0,159916,2026/4/27 12:13:23
2024-08-02,4.153,4.153,4.106,4.126,9800.0,40434.8,1.14,-0.75,-0.03,0.0,0.0,0.0,0.0,159916.0,159916,2026/4/27 12:13:23
2024-08-05,4.126,4.197,4.079,4.079,39900.0,162752.1,2.89,-1.14,-0.05,0.0,0.0,0.0,0.0,159916.0,159916,2026/4/27 12:13:23
2024-08-06,4.089,4.176,4.05,4.074,5500.0,22407.0,3.11,-0.12,-0.0,0.0,0.0,0.0,0.0,159916.0,159916,2026/4/27 12:13:23
2024-08-07,4.074,4.074,4.07,4.072,5300.0,21581.6,0.1,-0.05,-0.0,0.0,0.0,0.0,0.0,159916.0,159916,2026/4/27 12:13:23
2024-08-08,4.051,4.09,4.04,4.09,23100.0,94479.0,1.24,0.44,0.02,0.0,0.0,0.0,0.0,159916.0,159916,2026/4/27 12:13:23
2024-08-09,4.115,4.115,4.092,4.092,25600.0,104755.2,0.56,0.05,0.0,0.0,0.0,0.0,0.0,159916.0,159916,2026/4/27 12:13:23
2024-08-12,4.051,4.255,4.04,4.1,35100.0,143910.0,5.32,0.2,0.01,0.0,0.0,0.0,0.0,159916.0,159916,2026/4/27 12:13:23
2024-08-13,4.059,4.139,4.058,4.139,32400.0,134103.6,2.0,0.95,0.04,0.0,0.0,0.0,0.0,159916.0,159916,2026/4/27 12:13:23
2024-08-14,4.179,4.179,4.05,4.14,40200.0,166428.0,3.19,0.02,0.0,0.0,0.0,0.0,0.0,159916.0,159916,2026/4/27 12:13:23
2024-08-15,4.1,4.18,4.046,4.082,36400.0,148584.8,3.31,-1.4,-0.06,0.0,0.0,0.0,0.0,159916.0,159916,2026/4/27 12:13:23
2024-08-16,4.081,4.085,4.05,4.06,54800.0,222488.0,0.86,-0.54,-0.02,0.0,0.0,0.0,0.0,159916.0,159916,2026/4/27 12:13:23
2024-08-19,4.052,4.101,4.052,4.073,24900.0,101417.7,1.21,0.32,0.01,0.0,0.0,0.0,0.0,159916.0,159916,2026/4/27 12:13:23
2024-08-20,4.063,4.063,4.049,4.049,4900.0,19840.1,0.35,-0.59,-0.02,0.0,0.0,0.0,0.0,159916.0,159916,2026/4/27 12:13:23
2024-08-21,4.038,4.065,4.038,4.042,30500.0,123281.0,0.67,-0.17,-0.01,0.0,0.0,0.0,0.0,159916.0,159916,2026/4/27 12:13:23
2024-08-22,4.036,4.042,4.03,4.03,22300.0,89869.0,0.3,-0.3,-0.01,0.0,0.0,0.0,0.0,159916.0,159916,2026/4/27 12:13:23
2024-08-23,4.045,4.155,4.045,4.065,45200.0,183738.0,2.72,0.87,0.04,0.0,0.0,0.0,0.0,159916.0,159916,2026/4/27 12:13:23
2024-08-26,4.063,4.072,4.063,4.072,5600.0,22803.2,0.22,0.17,0.01,0.0,0.0,0.0,0.0,159916.0,159916,2026/4/27 12:13:23
2024-08-27,4.027,4.027,4.01,4.01,12100.0,48521.0,0.42,-1.52,-0.06,0.0,0.0,0.0,0.0,159916.0,159916,2026/4/27 12:13:23
2024-08-28,3.993,4.05,3.98,3.982,25800.0,102735.6,1.76,-0.7,-0.03,0.0,0.0,0.0,0.0,159916.0,159916,2026/4/27 12:13:23
2024-08-29,3.986,4.095,3.986,4.09,700.0,2863.0,2.73,2.71,0.11,0.0,0.0,0.0,0.0,159916.0,159916,2026/4/27 12:13:23
2024-08-30,4.049,4.14,4.049,4.125,10700.0,44137.5,2.25,0.86,0.04,0.0,0.0,0.0,0.0,159916.0,159916,2026/4/27 12:13:23
2024-09-02,4.125,4.125,4.052,4.052,17800.0,72125.6,1.8,-1.77,-0.07,0.0,0.0,0.0,0.0,159916.0,159916,2026/4/27 12:13:23
2024-09-03,4.059,4.126,4.059,4.066,8200.0,33341.2,1.65,0.35,0.01,0.0,0.0,0.0,0.0,159916.0,159916,2026/4/27 12:13:23
2024-09-04,3.972,4.103,3.972,4.033,2900.0,11695.7,3.3,-0.81,-0.03,0.0,0.0,0.0,0.0,159916.0,159916,2026/4/27 12:13:23
2024-09-05,4.0,4.138,4.0,4.015,125300.0,503079.5,3.45,-0.45,-0.02,0.0,0.0,0.0,0.0,159916.0,159916,2026/4/27 12:13:23
2024-09-06,4.0,4.0,3.983,3.984,65900.0,262545.6,0.43,-0.77,-0.03,0.0,0.0,0.0,0.0,159916.0,159916,2026/4/27 12:13:23
2024-09-09,3.968,3.968,3.898,3.915,225100.0,881266.5,1.8,-1.73,-0.07,0.0,0.0,0.0,0.0,159916.0,159916,2026/4/27 12:13:23
2024-09-10,4.022,4.022,3.883,3.909,86600.0,338519.4,3.58,-0.15,-0.01,0.0,0.0,0.0,0.0,159916.0,159916,2026/4/27 12:13:23
2024-09-11,3.903,3.92,3.882,3.895,198300.0,772378.5,0.98,-0.36,-0.01,0.0,0.0,0.0,0.0,159916.0,159916,2026/4/27 12:13:23
2024-09-12,3.907,3.907,3.879,3.894,305900.0,1191174.6,0.72,-0.03,-0.0,0.0,0.0,0.0,0.0,159916.0,159916,2026/4/27 12:13:23
2024-09-13,3.893,3.901,3.869,3.869,64500.0,249550.5,0.83,-0.64,-0.02,0.0,0.0,0.0,0.0,159916.0,159916,2026/4/27 12:13:23
2024-09-18,3.879,3.899,3.849,3.887,51100.0,198625.7,1.3,0.47,0.02,0.0,0.0,0.0,0.0,159916.0,159916,2026/4/27 12:13:23
2024-09-19,3.9,3.986,3.9,3.975,209800.0,833955.0,2.21,2.26,0.09,0.0,0.0,0.0,0.0,159916.0,159916,2026/4/27 12:13:23
2024-09-20,3.957,3.999,3.957,3.992,116800.0,466265.6,1.06,0.43,0.02,0.0,0.0,0.0,0.0,159916.0,159916,2026/4/27 12:13:23
2024-09-23,3.994,4.032,3.994,4.016,12700.0,51003.2,0.95,0.6,0.02,0.0,0.0,0.0,0.0,159916.0,159916,2026/4/27 12:13:23
2024-09-24,4.043,4.162,4.033,4.162,95700.0,398303.4,3.2,3.64,0.15,0.0,0.0,0.0,0.0,159916.0,159916,2026/4/27 12:13:23
2024-09-25,4.162,4.339,4.162,4.252,152100.0,646729.2,4.25,2.16,0.09,0.0,0.0,0.0,0.0,159916.0,159916,2026/4/27 12:13:23
2024-09-26,4.198,4.452,4.198,4.452,93100.0,414481.2,6.05,4.7,0.2,0.0,0.0,0.0,0.0,159916.0,159916,2026/4/27 12:13:23
2024-09-27,4.586,4.712,4.438,4.71,122800.0,578388.0,6.17,5.8,0.26,0.0,0.0,0.0,0.0,159916.0,159916,2026/4/27 12:13:23
2024-09-30,4.755,5.181,4.755,5.181,113700.0,589079.7,8.96,10.0,0.47,0.0,0.0,0.0,0.0,159916.0,159916,2026/4/27 12:13:23
2024-10-08,5.699,5.699,5.182,5.66,204500.0,1157470.0,9.98,9.25,0.48,0.0,0.0,0.0,0.0,159916.0,159916,2026/4/27 12:13:23
2024-10-09,5.658,5.658,5.094,5.094,562700.0,2866393.8,11.07,-10.0,-0.57,0.0,0.0,0.0,0.0,159916.0,159916,2026/4/27 12:13:23
2024-10-10,5.094,5.094,4.839,4.968,462300.0,2296706.4,5.27,-2.47,-0.13,0.0,0.0,0.0,0.0,159916.0,159916,2026/4/27 12:13:23
2024-10-11,4.88,4.91,4.765,4.807,227200.0,1092150.4,3.04,-3.24,-0.16,0.0,0.0,0.0,0.0,159916.0,159916,2026/4/27 12:13:23
2024-10-14,4.788,4.942,4.785,4.919,410700.0,2020233.3,3.28,2.33,0.11,0.0,0.0,0.0,0.0,159916.0,159916,2026/4/27 12:13:23
2024-10-15,4.84,4.932,4.812,4.812,83900.0,403726.8,2.49,-2.18,-0.11,0.0,0.0,0.0,0.0,159916.0,159916,2026/4/27 12:13:23
2024-10-16,4.93,4.93,4.755,4.774,305500.0,1458457.0,3.68,-0.79,-0.04,0.0,0.0,0.0,0.0,159916.0,159916,2026/4/27 12:13:23
2024-10-17,4.85,4.85,4.709,4.709,300500.0,1415054.5,2.99,-1.36,-0.07,0.0,0.0,0.0,0.0,159916.0,159916,2026/4/27 12:13:23
2024-10-18,4.799,4.92,4.61,4.887,233400.0,1140625.8,6.72,3.78,0.18,0.0,0.0,0.0,0.0,159916.0,159916,2026/4/27 12:13:23
2024-10-21,4.889,4.893,4.811,4.843,116500.0,564209.5,1.7,-0.9,-0.04,0.0,0.0,0.0,0.0,159916.0,159916,2026/4/27 12:13:23
2024-10-22,4.83,4.9,4.802,4.884,173100.0,845420.4,2.04,0.85,0.04,0.0,0.0,0.0,0.0,159916.0,159916,2026/4/27 12:13:23
2024-10-23,4.891,4.972,4.891,4.912,66500.0,326648.0,1.66,0.57,0.03,0.0,0.0,0.0,0.0,159916.0,159916,2026/4/27 12:13:23
2024-10-24,4.904,4.904,4.881,4.9,5200.0,25480.0,0.47,-0.24,-0.01,0.0,0.0,0.0,0.0,159916.0,159916,2026/4/27 12:13:23
2024-10-25,4.805,4.927,4.8,4.903,22400.0,109827.2,2.65,0.06,0.0,0.0,0.0,0.0,0.0,159916.0,159916,2026/4/27 12:13:23
2024-10-28,4.913,4.989,4.884,4.939,320600.0,1583443.4,2.15,0.73,0.04,0.0,0.0,0.0,0.0,159916.0,159916,2026/4/27 12:13:23
2024-10-29,4.924,5.027,4.873,4.89,16000.0,78240.0,3.16,-0.99,-0.05,0.0,0.0,0.0,0.0,159916.0,159916,2026/4/27 12:13:23
2024-10-30,4.792,4.904,4.792,4.868,29500.0,143606.0,2.34,-0.45,-0.02,0.0,0.0,0.0,0.0,159916.0,159916,2026/4/27 12:13:23
2024-10-31,4.844,4.917,4.824,4.884,36500.0,178266.0,1.93,0.33,0.02,0.0,0.0,0.0,0.0,159916.0,159916,2026/4/27 12:13:23
2024-11-01,4.786,4.958,4.786,4.873,42900.0,209051.7,3.59,-0.23,-0.01,0.0,0.0,0.0,0.0,159916.0,159916,2026/4/27 12:13:23
2024-11-04,4.851,4.949,4.844,4.876,29700.0,144817.2,2.17,0.06,0.0,0.0,0.0,0.0,0.0,159916.0,159916,2026/4/27 12:13:23
2024-11-05,4.88,5.032,4.88,5.026,54900.0,275927.4,3.11,3.08,0.15,0.0,0.0,0.0,0.0,159916.0,159916,2026/4/27 12:13:23
2024-11-06,5.122,5.122,4.964,5.02,68400.0,343368.0,3.18,-0.12,-0.01,0.0,0.0,0.0,0.0,159916.0,159916,2026/4/27 12:13:23
2024-11-07,5.02,5.137,4.922,5.137,55900.0,287158.3,4.37,2.33,0.12,0.0,0.0,0.0,0.0,159916.0,159916,2026/4/27 12:13:23
2024-11-08,5.169,5.232,5.06,5.063,31200.0,157965.6,3.4,-1.44,-0.07,0.0,0.0,0.0,0.0,159916.0,159916,2026/4/27 12:13:23
2024-11-11,5.088,5.088,4.969,5.064,34000.0,172176.0,2.39,0.02,0.0,0.0,0.0,0.0,0.0,159916.0,159916,2026/4/27 12:13:23
2024-11-12,5.02,5.149,5.013,5.043,38900.0,196172.7,2.71,-0.41,-0.02,0.0,0.0,0.0,0.0,159916.0,159916,2026/4/27 12:13:23
2024-11-13,4.955,5.057,4.955,5.042,22800.0,114957.6,2.06,-0.02,-0.0,0.0,0.0,0.0,0.0,159916.0,159916,2026/4/27 12:13:23
2024-11-14,5.038,5.047,4.96,4.96,4300.0,21328.0,1.75,-1.63,-0.08,0.0,0.0,0.0,0.0,159916.0,159916,2026/4/27 12:13:23
2024-11-15,4.967,4.967,4.914,4.918,1000.0,4918.0,1.08,-0.85,-0.04,0.0,0.0,0.0,0.0,159916.0,159916,2026/4/27 12:13:23
2024-11-18,4.99,4.99,4.866,4.888,22600.0,110468.8,2.55,-0.61,-0.03,0.0,0.0,0.0,0.0,159916.0,159916,2026/4/27 12:13:23
2024-11-19,4.8,4.882,4.8,4.877,161400.0,787147.8,1.71,-0.23,-0.01,0.0,0.0,0.0,0.0,159916.0,159916,2026/4/27 12:13:23
2024-11-20,4.876,4.889,4.865,4.889,135900.0,664415.1,0.49,0.25,0.01,0.0,0.0,0.0,0.0,159916.0,159916,2026/4/27 12:13:23
2024-11-21,4.877,4.934,4.851,4.851,3000.0,14553.0,1.71,-0.78,-0.04,0.0,0.0,0.0,0.0,159916.0,159916,2026/4/27 12:13:23
2024-11-22,4.869,4.869,4.726,4.726,46100.0,217868.6,3.03,-2.58,-0.13,0.0,0.0,0.0,0.0,159916.0,159916,2026/4/27 12:13:23
2024-11-25,4.715,4.742,4.684,4.702,55900.0,262841.8,1.24,-0.51,-0.02,0.0,0.0,0.0,0.0,159916.0,159916,2026/4/27 12:13:23
2024-11-26,4.706,4.719,4.705,4.707,25600.0,120499.2,0.3,0.11,0.0,0.0,0.0,0.0,0.0,159916.0,159916,2026/4/27 12:13:23
2024-11-27,4.707,4.77,4.668,4.77,26800.0,127836.0,2.19,1.34,0.06,0.0,0.0,0.0,0.0,159916.0,159916,2026/4/27 12:13:23
2024-11-28,4.772,4.772,4.73,4.73,7700.0,36421.0,0.89,-0.84,-0.04,0.0,0.0,0.0,0.0,159916.0,159916,2026/4/27 12:13:23
2024-11-29,4.805,4.822,4.751,4.784,21400.0,102377.6,1.49,1.14,0.05,0.0,0.0,0.0,0.0,159916.0,159916,2026/4/27 12:13:23
2024-12-02,4.786,4.841,4.784,4.83,40700.0,196581.0,1.19,0.96,0.05,0.0,0.0,0.0,0.0,159916.0,159916,2026/4/27 12:13:23
2024-12-03,4.828,4.913,4.812,4.841,50700.0,245438.7,2.1,0.23,0.01,0.0,0.0,0.0,0.0,159916.0,159916,2026/4/27 12:13:23
2024-12-04,4.814,4.842,4.789,4.789,62300.0,298354.7,1.11,-1.07,-0.05,0.0,0.0,0.0,0.0,159916.0,159916,2026/4/27 12:13:23
2024-12-05,4.781,4.796,4.776,4.786,14400.0,68918.4,0.42,-0.06,-0.0,0.0,0.0,0.0,0.0,159916.0,159916,2026/4/27 12:13:23
2024-12-06,4.723,4.958,4.723,4.87,65500.0,318985.0,4.98,1.76,0.08,0.0,0.0,0.0,0.0,159916.0,159916,2026/4/27 12:13:23
2024-12-09,4.862,4.872,4.852,4.855,16100.0,78165.5,0.41,-0.31,-0.01,0.0,0.0,0.0,0.0,159916.0,159916,2026/4/27 12:13:23
2024-12-10,4.952,5.049,4.862,4.922,38700.0,190481.4,3.85,1.38,0.07,0.0,0.0,0.0,0.0,159916.0,159916,2026/4/27 12:13:23
2024-12-11,4.92,4.933,4.91,4.931,21300.0,105030.3,0.47,0.18,0.01,0.0,0.0,0.0,0.0,159916.0,159916,2026/4/27 12:13:23
2024-12-12,4.93,4.964,4.92,4.964,51700.0,256638.8,0.89,0.67,0.03,0.0,0.0,0.0,0.0,159916.0,159916,2026/4/27 12:13:23
2024-12-13,4.888,4.888,4.85,4.85,3700.0,17945.0,0.78,-2.3,-0.11,0.0,0.0,0.0,0.0,159916.0,159916,2026/4/27 12:13:23
2024-12-16,4.819,4.935,4.791,4.792,5300.0,25397.6,3.01,-1.2,-0.06,0.0,0.0,0.0,0.0,159916.0,159916,2026/4/27 12:13:23
2024-12-17,4.803,4.84,4.803,4.815,3400.0,16371.0,0.77,0.48,0.02,0.0,0.0,0.0,0.0,159916.0,159916,2026/4/27 12:13:23
2024-12-18,4.816,4.863,4.816,4.834,11400.0,55107.6,0.98,0.39,0.02,0.0,0.0,0.0,0.0,159916.0,159916,2026/4/27 12:13:23
2024-12-19,4.812,4.839,4.798,4.836,19900.0,96236.4,0.85,0.04,0.0,0.0,0.0,0.0,0.0,159916.0,159916,2026/4/27 12:13:23
2024-12-20,4.815,4.815,4.799,4.799,14200.0,68145.8,0.33,-0.77,-0.04,0.0,0.0,0.0,0.0,159916.0,159916,2026/4/27 12:13:23
2024-12-23,4.818,4.886,4.812,4.817,35500.0,171003.5,1.54,0.38,0.02,0.0,0.0,0.0,0.0,159916.0,159916,2026/4/27 12:13:23
2024-12-24,4.817,4.842,4.817,4.838,1900.0,9192.2,0.52,0.44,0.02,0.0,0.0,0.0,0.0,159916.0,159916,2026/4/27 12:13:23
2024-12-25,4.838,4.931,4.789,4.789,2700.0,12930.3,2.97,-1.01,-0.05,0.0,0.0,0.0,0.0,159916.0,159916,2026/4/27 12:13:23
2024-12-26,4.825,4.839,4.823,4.829,2900.0,14004.1,0.33,0.84,0.04,0.0,0.0,0.0,0.0,159916.0,159916,2026/4/27 12:13:23
2024-12-27,4.81,4.905,4.81,4.905,3700.0,18148.5,1.98,1.57,0.08,0.0,0.0,0.0,0.0,159916.0,159916,2026/4/27 12:13:23
2024-12-30,4.848,4.848,4.831,4.831,17800.0,85991.8,0.35,-1.51,-0.07,0.0,0.0,0.0,0.0,159916.0,159916,2026/4/27 12:13:23
2024-12-31,4.849,4.849,4.789,4.796,2100.0,10071.6,1.25,-0.72,-0.04,0.0,0.0,0.0,0.0,159916.0,159916,2026/4/27 12:13:23
2025-01-02,4.796,4.845,4.648,4.658,16600.0,77322.8,4.24,-2.88,-0.14,0.0,0.0,0.0,0.0,159916.0,159916,2026/4/27 12:13:23
2025-01-03,4.655,4.681,4.616,4.62,28800.0,133056.0,1.41,-0.82,-0.04,0.0,0.0,0.0,0.0,159916.0,159916,2026/4/27 12:13:23
2025-01-06,4.618,4.64,4.579,4.608,5600.0,25804.8,1.33,-0.26,-0.01,0.0,0.0,0.0,0.0,159916.0,159916,2026/4/27 12:13:23
2025-01-07,4.623,4.654,4.623,4.632,1000.0,4632.0,0.67,0.52,0.02,0.0,0.0,0.0,0.0,159916.0,159916,2026/4/27 12:13:23
2025-01-08,4.634,4.634,4.586,4.628,3500.0,16198.0,1.05,-0.09,-0.0,0.0,0.0,0.0,0.0,159916.0,159916,2026/4/27 12:13:23
2025-01-09,4.645,4.645,4.645,4.645,200.0,929.0,0.0,0.37,0.02,0.0,0.0,0.0,0.0,159916.0,159916,2026/4/27 12:13:23
2025-01-10,4.582,4.592,4.563,4.563,6000.0,27378.0,0.64,-1.77,-0.08,0.0,0.0,0.0,0.0,159916.0,159916,2026/4/27 12:13:23
2025-01-13,4.534,4.555,4.527,4.527,5900.0,26709.3,0.62,-0.79,-0.04,0.0,0.0,0.0,0.0,159916.0,159916,2026/4/27 12:13:23
2025-01-14,4.59,4.678,4.58,4.661,14600.0,68050.6,2.14,2.96,0.13,0.0,0.0,0.0,0.0,159916.0,159916,2026/4/27 12:13:23
2025-01-15,4.675,4.675,4.607,4.631,5900.0,27322.9,1.48,-0.64,-0.03,0.0,0.0,0.0,0.0,159916.0,159916,2026/4/27 12:13:23
2025-01-16,4.602,4.602,4.602,4.602,100.0,460.2,0.0,-0.63,-0.03,0.0,0.0,0.0,0.0,159916.0,159916,2026/4/27 12:13:23
2025-01-17,4.62,4.66,4.616,4.656,10800.0,50284.8,0.95,1.17,0.05,0.0,0.0,0.0,0.0,159916.0,159916,2026/4/27 12:13:23
2025-01-20,4.6,4.7,4.6,4.661,25400.0,118389.4,2.17,0.11,0.0,0.0,0.0,0.0,0.0,159916.0,159916,2026/4/27 12:13:23
2025-01-21,4.7,4.728,4.695,4.708,40100.0,188790.8,0.7,1.01,0.05,0.0,0.0,0.0,0.0,159916.0,159916,2026/4/27 12:13:23
2025-01-22,4.709,4.709,4.63,4.637,38200.0,177133.4,1.71,-1.51,-0.07,0.0,0.0,0.0,0.0,159916.0,159916,2026/4/27 12:13:23
2025-01-23,4.678,4.711,4.649,4.651,40900.0,190225.9,1.33,0.3,0.01,0.0,0.0,0.0,0.0,159916.0,159916,2026/4/27 12:13:23
2025-01-24,4.654,4.721,4.645,4.683,44500.0,208393.5,1.64,0.69,0.03,0.0,0.0,0.0,0.0,159916.0,159916,2026/4/27 12:13:23
2025-01-27,4.689,4.712,4.686,4.699,7100.0,33362.9,0.55,0.34,0.02,0.0,0.0,0.0,0.0,159916.0,159916,2026/4/27 12:13:23
2025-02-05,4.65,4.658,4.628,4.635,78200.0,362457.0,0.65,-1.36,-0.06,0.0,0.0,0.0,0.0,159916.0,159916,2026/4/27 12:13:23
2025-02-06,4.58,4.682,4.543,4.682,43600.0,204135.2,3.06,1.01,0.05,0.0,0.0,0.0,0.0,159916.0,159916,2026/4/27 12:13:23
2025-02-07,4.621,4.795,4.621,4.754,51600.0,245306.4,3.77,1.54,0.07,0.0,0.0,0.0,0.0,159916.0,159916,2026/4/27 12:13:23
2025-02-10,4.765,4.8,4.735,4.755,26100.0,124105.5,1.37,0.02,0.0,0.0,0.0,0.0,0.0,159916.0,159916,2026/4/27 12:13:23
2025-02-11,4.765,4.765,4.713,4.715,45800.0,215947.0,1.1,-0.84,-0.04,0.0,0.0,0.0,0.0,159916.0,159916,2026/4/27 12:13:23
2025-02-12,4.727,4.796,4.708,4.795,63000.0,302085.0,1.87,1.7,0.08,0.0,0.0,0.0,0.0,159916.0,159916,2026/4/27 12:13:23
2025-02-13,4.769,4.807,4.769,4.784,42000.0,200928.0,0.8,-0.23,-0.01,0.0,0.0,0.0,0.0,159916.0,159916,2026/4/27 12:13:23
2025-02-14,4.783,4.802,4.756,4.799,90400.0,433829.6,0.97,0.31,0.02,0.0,0.0,0.0,0.0,159916.0,159916,2026/4/27 12:13:23
2025-02-17,4.785,4.803,4.779,4.794,15000.0,71910.0,0.5,-0.1,-0.01,0.0,0.0,0.0,0.0,159916.0,159916,2026/4/27 12:13:23
2025-02-18,4.794,4.794,4.759,4.759,23500.0,111836.5,0.74,-0.73,-0.03,0.0,0.0,0.0,0.0,159916.0,159916,2026/4/27 12:13:23
2025-02-19,4.749,4.779,4.745,4.769,18400.0,87749.6,0.72,0.21,0.01,0.0,0.0,0.0,0.0,159916.0,159916,2026/4/27 12:13:23
2025-02-20,4.752,4.772,4.743,4.762,6700.0,31905.4,0.61,-0.15,-0.01,0.0,0.0,0.0,0.0,159916.0,159916,2026/4/27 12:13:23
2025-02-21,4.75,4.815,4.748,4.797,24100.0,115607.7,1.41,0.73,0.04,0.0,0.0,0.0,0.0,159916.0,159916,2026/4/27 12:13:23
2025-02-24,4.81,4.841,4.81,4.817,6500.0,31310.5,0.64,0.42,0.02,0.0,0.0,0.0,0.0,159916.0,159916,2026/4/27 12:13:23
2025-02-25,4.775,4.785,4.765,4.765,9100.0,43361.5,0.42,-1.08,-0.05,0.0,0.0,0.0,0.0,159916.0,159916,2026/4/27 12:13:23
2025-02-26,4.783,4.803,4.783,4.803,1900.0,9125.7,0.42,0.8,0.04,0.0,0.0,0.0,0.0,159916.0,159916,2026/4/27 12:13:23
2025-02-27,4.832,4.851,4.796,4.833,5700.0,27548.1,1.15,0.62,0.03,0.0,0.0,0.0,0.0,159916.0,159916,2026/4/27 12:13:23
2025-02-28,4.817,4.895,4.751,4.895,14900.0,72935.5,3.03,1.28,0.06,0.0,0.0,0.0,0.0,159916.0,159916,2026/4/27 12:13:23
2025-03-03,4.895,4.895,4.745,4.887,112800.0,551253.6,3.16,-0.16,-0.01,0.0,0.0,0.0,0.0,159916.0,159916,2026/4/27 12:13:23
2025-03-04,4.782,4.782,4.742,4.779,49700.0,237516.3,0.84,-2.21,-0.11,0.0,0.0,0.0,0.0,159916.0,159916,2026/4/27 12:13:23
2025-03-05,4.768,4.773,4.741,4.76,19900.0,94724.0,0.67,-0.4,-0.02,0.0,0.0,0.0,0.0,159916.0,159916,2026/4/27 12:13:23
2025-03-06,4.752,4.819,4.752,4.812,19100.0,91909.2,1.41,1.09,0.05,0.0,0.0,0.0,0.0,159916.0,159916,2026/4/27 12:13:23
2025-03-07,4.797,4.898,4.796,4.898,16600.0,81306.8,2.13,1.79,0.09,0.0,0.0,0.0,0.0,159916.0,159916,2026/4/27 12:13:23
2025-03-10,4.898,4.95,4.762,4.787,281700.0,1348497.9,3.95,-2.27,-0.11,0.0,0.0,0.0,0.0,159916.0,159916,2026/4/27 12:13:23
2025-03-11,4.76,4.786,4.738,4.786,19200.0,91891.2,1.01,-0.02,-0.0,0.0,0.0,0.0,0.0,159916.0,159916,2026/4/27 12:13:23
2025-03-12,4.757,4.79,4.757,4.774,13500.0,64449.0,0.69,-0.25,-0.01,0.0,0.0,0.0,0.0,159916.0,159916,2026/4/27 12:13:23
2025-03-13,4.763,4.774,4.713,4.774,6200.0,29598.8,1.29,0.0,0.0,0.0,0.0,0.0,0.0,159916.0,159916,2026/4/27 12:13:23
2025-03-14,4.777,4.855,4.777,4.842,28600.0,138481.2,1.63,1.42,0.07,0.0,0.0,0.0,0.0,159916.0,159916,2026/4/27 12:13:23
2025-03-17,4.855,4.855,4.829,4.829,29700.0,143421.3,0.54,-0.27,-0.01,0.0,0.0,0.0,0.0,159916.0,159916,2026/4/27 12:13:23
2025-03-18,4.83,4.851,4.83,4.85,31700.0,153745.0,0.43,0.43,0.02,0.0,0.0,0.0,0.0,159916.0,159916,2026/4/27 12:13:23
2025-03-19,4.844,4.867,4.844,4.86,53700.0,260982.0,0.47,0.21,0.01,0.0,0.0,0.0,0.0,159916.0,159916,2026/4/27 12:13:23
2025-03-20,4.854,4.861,4.843,4.843,6700.0,32448.1,0.37,-0.35,-0.02,0.0,0.0,0.0,0.0,159916.0,159916,2026/4/27 12:13:23
2025-03-21,4.839,4.839,4.786,4.791,3900.0,18684.9,1.11,-1.07,-0.05,0.0,0.0,0.0,0.0,159916.0,159916,2026/4/27 12:13:23
2025-03-24,4.8,4.82,4.8,4.802,1200.0,5762.4,0.42,0.23,0.01,0.0,0.0,0.0,0.0,159916.0,159916,2026/4/27 12:13:23
2025-03-25,4.799,4.799,4.779,4.792,7100.0,34023.2,0.42,-0.21,-0.01,0.0,0.0,0.0,0.0,159916.0,159916,2026/4/27 12:13:23
2025-03-26,4.804,4.97,4.785,4.785,408200.0,1953237.0,3.87,-0.15,-0.01,0.0,0.0,0.0,0.0,159916.0,159916,2026/4/27 12:13:23
2025-03-27,4.753,4.82,4.738,4.796,417900.0,2004248.4,1.73,0.23,0.01,0.0,0.0,0.0,0.0,159916.0,159916,2026/4/27 12:13:23
2025-03-28,4.788,4.865,4.746,4.77,124300.0,592911.0,2.51,-0.54,-0.03,0.0,0.0,0.0,0.0,159916.0,159916,2026/4/27 12:13:23
2025-03-31,4.768,4.781,4.72,4.742,39200.0,185886.4,1.29,-0.59,-0.03,0.0,0.0,0.0,0.0,159916.0,159916,2026/4/27 12:13:23
2025-04-01,4.746,4.752,4.72,4.72,23100.0,109032.0,0.68,-0.46,-0.02,0.0,0.0,0.0,0.0,159916.0,159916,2026/4/27 12:13:23
2025-04-02,4.722,4.739,4.722,4.739,3800.0,18008.2,0.36,0.4,0.02,0.0,0.0,0.0,0.0,159916.0,159916,2026/4/27 12:13:23
2025-04-03,4.827,4.827,4.666,4.685,41900.0,196301.5,3.45,-1.14,-0.05,0.0,0.0,0.0,0.0,159916.0,159916,2026/4/27 12:13:23
2025-04-07,4.591,4.684,4.268,4.279,134400.0,575097.6,9.75,-8.67,-0.41,0.0,0.0,0.0,0.0,159916.0,159916,2026/4/27 12:13:23
2025-04-08,4.322,4.5,4.32,4.387,87000.0,381669.0,4.17,2.52,0.11,0.0,0.0,0.0,0.0,159916.0,159916,2026/4/27 12:13:23
2025-04-09,4.311,4.414,4.308,4.405,8100.0,35680.5,2.46,0.41,0.02,0.0,0.0,0.0,0.0,159916.0,159916,2026/4/27 12:13:23
2025-04-10,4.415,4.507,4.415,4.495,26400.0,118668.0,2.08,2.04,0.09,0.0,0.0,0.0,0.0,159916.0,159916,2026/4/27 12:13:23
2025-04-11,4.449,4.488,4.445,4.488,3600.0,16156.8,0.97,-0.16,-0.01,0.0,0.0,0.0,0.0,159916.0,159916,2026/4/27 12:13:23
2025-04-14,4.507,4.52,4.495,4.495,7100.0,31914.5,0.56,0.16,0.01,0.0,0.0,0.0,0.0,159916.0,159916,2026/4/27 12:13:23
2025-04-15,4.485,4.487,4.475,4.487,37700.0,169159.9,0.27,-0.18,-0.01,0.0,0.0,0.0,0.0,159916.0,159916,2026/4/27 12:13:23
2025-04-16,4.44,4.473,4.44,4.473,1400.0,6262.2,0.74,-0.31,-0.01,0.0,0.0,0.0,0.0,159916.0,159916,2026/4/27 12:13:23
2025-04-17,4.483,4.501,4.483,4.494,13500.0,60669.0,0.4,0.47,0.02,0.0,0.0,0.0,0.0,159916.0,159916,2026/4/27 12:13:23
2025-04-18,4.504,4.59,4.492,4.59,117400.0,538866.0,2.18,2.14,0.1,0.0,0.0,0.0,0.0,159916.0,159916,2026/4/27 12:13:23
2025-04-21,4.589,4.589,4.515,4.537,552600.0,2507146.2,1.64,-1.15,-0.05,0.0,0.0,0.0,0.0,159916.0,159916,2026/4/27 12:13:23
2025-04-22,4.534,4.544,4.527,4.534,256200.0,1161610.8,0.38,-0.07,-0.0,0.0,0.0,0.0,0.0,159916.0,159916,2026/4/27 12:13:23
2025-04-23,4.55,4.555,4.537,4.541,28200.0,128056.2,0.4,0.15,0.01,0.0,0.0,0.0,0.0,159916.0,159916,2026/4/27 12:13:23
2025-04-24,4.537,4.539,4.537,4.538,2800.0,12706.4,0.04,-0.07,-0.0,0.0,0.0,0.0,0.0,159916.0,159916,2026/4/27 12:13:23
2025-04-25,4.54,4.558,4.54,4.552,13900.0,63272.8,0.4,0.31,0.01,0.0,0.0,0.0,0.0,159916.0,159916,2026/4/27 12:13:23
2025-04-28,4.553,4.553,4.523,4.523,5700.0,25781.1,0.66,-0.64,-0.03,0.0,0.0,0.0,0.0,159916.0,159916,2026/4/27 12:13:23
2025-04-29,4.527,4.535,4.514,4.528,55300.0,250398.4,0.47,0.11,0.0,0.0,0.0,0.0,0.0,159916.0,159916,2026/4/27 12:13:23
2025-04-30,4.618,4.718,4.475,4.528,13600.0,61580.8,5.43,0.0,0.0,0.0,0.0,0.0,0.0,159916.0,159916,2026/4/27 12:13:23
2025-05-06,4.528,4.559,4.498,4.559,42200.0,192389.8,1.36,0.68,0.03,0.0,0.0,0.0,0.0,159916.0,159916,2026/4/27 12:13:23
2025-05-07,4.605,4.605,4.571,4.572,22500.0,102870.0,0.74,0.29,0.01,0.0,0.0,0.0,0.0,159916.0,159916,2026/4/27 12:13:23
2025-05-08,4.571,4.606,4.571,4.6,16900.0,77740.0,0.77,0.61,0.03,0.0,0.0,0.0,0.0,159916.0,159916,2026/4/27 12:13:23
2025-05-09,4.618,4.618,4.583,4.599,10200.0,46909.8,0.76,-0.02,-0.0,0.0,0.0,0.0,0.0,159916.0,159916,2026/4/27 12:13:23
2025-05-12,4.6,4.645,4.6,4.644,24300.0,112849.2,0.98,0.98,0.04,0.0,0.0,0.0,0.0,159916.0,159916,2026/4/27 12:13:23
2025-05-13,4.65,4.659,4.649,4.653,275900.0,1283762.7,0.22,0.19,0.01,0.0,0.0,0.0,0.0,159916.0,159916,2026/4/27 12:13:23
2025-05-14,4.634,4.7,4.634,4.684,65900.0,308675.6,1.42,0.67,0.03,0.0,0.0,0.0,0.0,159916.0,159916,2026/4/27 12:13:23
2025-05-15,4.669,4.674,4.646,4.646,3700.0,17190.2,0.6,-0.81,-0.04,0.0,0.0,0.0,0.0,159916.0,159916,2026/4/27 12:13:23
2025-05-16,4.619,4.62,4.619,4.62,400.0,1848.0,0.02,-0.56,-0.03,0.0,0.0,0.0,0.0,159916.0,159916,2026/4/27 12:13:23
2025-05-19,4.605,4.636,4.605,4.636,11800.0,54704.8,0.67,0.35,0.02,0.0,0.0,0.0,0.0,159916.0,159916,2026/4/27 12:13:23
2025-05-20,4.636,4.673,4.636,4.668,8600.0,40144.8,0.8,0.69,0.03,0.0,0.0,0.0,0.0,159916.0,159916,2026/4/27 12:13:23
2025-05-21,4.69,4.7,4.69,4.7,4400.0,20680.0,0.21,0.69,0.03,0.0,0.0,0.0,0.0,159916.0,159916,2026/4/27 12:13:23
2025-05-23,4.68,4.68,4.64,4.64,3100.0,14384.0,0.86,-1.28,-0.06,0.0,0.0,0.0,0.0,159916.0,159916,2026/4/27 12:13:23
2025-05-26,4.622,4.622,4.592,4.592,3900.0,17908.8,0.65,-1.03,-0.05,0.0,0.0,0.0,0.0,159916.0,159916,2026/4/27 12:13:23
2025-05-27,4.602,4.614,4.584,4.588,25900.0,118829.2,0.65,-0.09,-0.0,0.0,0.0,0.0,0.0,159916.0,159916,2026/4/27 12:13:23
2025-05-28,4.6,4.603,4.595,4.595,22300.0,102468.5,0.17,0.15,0.01,0.0,0.0,0.0,0.0,159916.0,159916,2026/4/27 12:13:23
2025-05-29,4.582,4.612,4.575,4.596,18300.0,84106.8,0.81,0.02,0.0,0.0,0.0,0.0,0.0,159916.0,159916,2026/4/27 12:13:23
2025-05-30,4.612,4.612,4.58,4.587,3700.0,16971.9,0.7,-0.2,-0.01,0.0,0.0,0.0,0.0,159916.0,159916,2026/4/27 12:13:23
2025-06-03,4.566,4.572,4.566,4.572,500.0,2286.0,0.13,-0.33,-0.01,0.0,0.0,0.0,0.0,159916.0,159916,2026/4/27 12:13:23
2025-06-04,4.582,4.6,4.571,4.584,5900.0,27045.6,0.63,0.26,0.01,0.0,0.0,0.0,0.0,159916.0,159916,2026/4/27 12:13:23
2025-06-05,4.583,4.588,4.575,4.588,5000.0,22940.0,0.28,0.09,0.0,0.0,0.0,0.0,0.0,159916.0,159916,2026/4/27 12:13:23
2025-06-06,4.594,4.595,4.584,4.584,7000.0,32088.0,0.24,-0.09,-0.0,0.0,0.0,0.0,0.0,159916.0,159916,2026/4/27 12:13:23
2025-06-09,4.584,4.595,4.572,4.59,16200.0,74358.0,0.5,0.13,0.01,0.0,0.0,0.0,0.0,159916.0,159916,2026/4/27 12:13:23
2025-06-10,4.56,4.604,4.555,4.574,16500.0,75471.0,1.08,-0.35,-0.02,0.0,0.0,0.0,0.0,159916.0,159916,2026/4/27 12:13:23
2025-06-11,4.66,4.66,4.607,4.613,6800.0,31368.4,1.15,0.85,0.04,0.0,0.0,0.0,0.0,159916.0,159916,2026/4/27 12:13:23
2025-06-12,4.687,4.687,4.6,4.61,12700.0,58547.0,1.89,-0.07,-0.0,0.0,0.0,0.0,0.0,159916.0,159916,2026/4/27 12:13:23
2025-06-13,4.602,4.602,4.555,4.583,4900.0,22456.7,1.03,-0.59,-0.03,0.0,0.0,0.0,0.0,159916.0,159916,2026/4/27 12:13:23
2025-06-16,4.58,4.58,4.563,4.58,6100.0,27938.0,0.37,-0.07,-0.0,0.0,0.0,0.0,0.0,159916.0,159916,2026/4/27 12:13:23
2025-06-17,4.594,4.594,4.587,4.587,3000.0,13761.0,0.15,0.15,0.01,0.0,0.0,0.0,0.0,159916.0,159916,2026/4/27 12:13:23
2025-06-18,4.605,4.605,4.581,4.582,1500.0,6873.0,0.52,-0.11,-0.0,0.0,0.0,0.0,0.0,159916.0,159916,2026/4/27 12:13:23
2025-06-19,4.562,4.62,4.515,4.52,19700.0,89044.0,2.33,-1.35,-0.06,0.0,0.0,0.0,0.0,159916.0,159916,2026/4/27 12:13:23
2025-06-20,4.432,4.599,4.43,4.58,95000.0,435100.0,3.81,1.33,0.06,0.0,0.0,0.0,0.0,159916.0,159916,2026/4/27 12:13:23
2025-06-23,4.5,4.614,4.5,4.605,120600.0,555363.0,2.53,0.55,0.03,0.0,0.0,0.0,0.0,159916.0,159916,2026/4/27 12:13:23
2025-06-24,4.517,4.61,4.516,4.61,77900.0,359119.0,2.08,0.11,0.0,0.0,0.0,0.0,0.0,159916.0,159916,2026/4/27 12:13:23
2025-06-25,4.61,4.641,4.587,4.641,23900.0,110919.9,1.18,0.67,0.03,0.0,0.0,0.0,0.0,159916.0,159916,2026/4/27 12:13:23
2025-06-26,4.57,4.649,4.57,4.634,60000.0,278040.0,1.73,-0.15,-0.01,0.0,0.0,0.0,0.0,159916.0,159916,2026/4/27 12:13:23
2025-06-27,4.571,4.665,4.571,4.631,76600.0,354734.6,2.06,-0.06,-0.0,0.0,0.0,0.0,0.0,159916.0,159916,2026/4/27 12:13:23
2025-06-30,4.617,4.629,4.611,4.616,3600.0,16617.6,0.39,-0.32,-0.02,0.0,0.0,0.0,0.0,159916.0,159916,2026/4/27 12:13:23
2025-07-01,4.621,4.621,4.621,4.621,1000.0,4621.0,0.0,0.11,0.01,0.0,0.0,0.0,0.0,159916.0,159916,2026/4/27 12:13:23
2025-07-02,4.642,4.668,4.628,4.668,1800.0,8402.4,0.86,1.02,0.05,0.0,0.0,0.0,0.0,159916.0,159916,2026/4/27 12:13:23
2025-07-03,4.688,4.702,4.671,4.702,11200.0,52662.4,0.66,0.73,0.03,0.0,0.0,0.0,0.0,159916.0,159916,2026/4/27 12:13:23
2025-07-04,4.705,4.746,4.7,4.7,3700.0,17390.0,0.98,-0.04,-0.0,0.0,0.0,0.0,0.0,159916.0,159916,2026/4/27 12:13:23
2025-07-07,4.69,4.694,4.69,4.691,4000.0,18764.0,0.09,-0.19,-0.01,0.0,0.0,0.0,0.0,159916.0,159916,2026/4/27 12:13:23
2025-07-08,4.718,4.724,4.692,4.724,32000.0,151168.0,0.68,0.7,0.03,0.0,0.0,0.0,0.0,159916.0,159916,2026/4/27 12:13:23
2025-07-09,4.75,4.753,4.742,4.744,4600.0,21822.4,0.23,0.42,0.02,0.0,0.0,0.0,0.0,159916.0,159916,2026/4/27 12:13:23
2025-07-10,4.744,4.787,4.744,4.78,41400.0,197892.0,0.91,0.76,0.04,0.0,0.0,0.0,0.0,159916.0,159916,2026/4/27 12:13:23
2025-07-11,4.78,4.83,4.736,4.8,73300.0,351840.0,1.98,0.42,0.02,0.0,0.0,0.0,0.0,159916.0,159916,2026/4/27 12:13:23
2025-07-14,4.8,4.815,4.799,4.801,54900.0,263574.9,0.33,0.02,0.0,0.0,0.0,0.0,0.0,159916.0,159916,2026/4/27 12:13:23
2025-07-15,4.729,4.771,4.729,4.766,13800.0,65770.8,0.89,-0.73,-0.04,0.0,0.0,0.0,0.0,159916.0,159916,2026/4/27 12:13:23
2025-07-16,4.777,4.777,4.74,4.742,7400.0,35090.8,0.78,-0.5,-0.02,0.0,0.0,0.0,0.0,159916.0,159916,2026/4/27 12:13:23
2025-07-17,4.77,4.803,4.703,4.803,14900.0,71564.7,2.13,1.29,0.06,0.0,0.0,0.0,0.0,159916.0,159916,2026/4/27 12:13:23
2025-07-18,4.75,4.83,4.75,4.819,12600.0,60719.4,1.68,0.33,0.02,0.0,0.0,0.0,0.0,159916.0,159916,2026/4/27 12:13:23
2025-07-21,4.847,4.883,4.847,4.883,26100.0,127446.3,0.74,1.33,0.06,0.0,0.0,0.0,0.0,159916.0,159916,2026/4/27 12:13:23
2025-07-22,4.895,4.966,4.883,4.966,37100.0,184238.6,1.7,1.7,0.08,0.0,0.0,0.0,0.0,159916.0,159916,2026/4/27 12:13:23
2025-07-23,4.979,5.1,4.865,4.945,27600.0,136482.0,4.83,-0.42,-0.02,0.0,0.0,0.0,0.0,159916.0,159916,2026/4/27 12:13:23
2025-07-24,4.931,4.978,4.925,4.978,18500.0,92093.0,1.08,0.67,0.03,0.0,0.0,0.0,0.0,159916.0,159916,2026/4/27 12:13:23
2025-07-25,4.973,4.975,4.963,4.969,12100.0,60124.9,0.24,-0.18,-0.01,0.0,0.0,0.0,0.0,159916.0,159916,2026/4/27 12:13:23
2025-07-28,4.943,4.97,4.937,4.963,2700.0,13400.1,0.67,-0.12,-0.01,0.0,0.0,0.0,0.0,159916.0,159916,2026/4/27 12:13:23
2025-07-29,4.924,4.948,4.911,4.948,5100.0,25234.8,0.75,-0.3,-0.01,0.0,0.0,0.0,0.0,159916.0,159916,2026/4/27 12:13:23
2025-07-30,4.933,4.976,4.917,4.917,271700.0,1335948.9,1.2,-0.63,-0.03,0.0,0.0,0.0,0.0,159916.0,159916,2026/4/27 12:13:23
2025-07-31,4.901,4.901,4.8,4.83,26800.0,129444.0,2.1,-1.77,-0.09,0.0,0.0,0.0,0.0,159916.0,159916,2026/4/27 12:13:23
2025-08-01,4.813,4.826,4.79,4.811,36600.0,176082.6,0.75,-0.39,-0.02,0.0,0.0,0.0,0.0,159916.0,159916,2026/4/27 12:13:23
2025-08-04,4.81,4.81,4.794,4.809,8200.0,39433.8,0.33,-0.04,-0.0,0.0,0.0,0.0,0.0,159916.0,159916,2026/4/27 12:13:23
2025-08-05,4.816,4.845,4.816,4.845,19200.0,93024.0,0.6,0.75,0.04,0.0,0.0,0.0,0.0,159916.0,159916,2026/4/27 12:13:23
2025-08-06,4.856,4.872,4.853,4.872,14800.0,72105.6,0.39,0.56,0.03,0.0,0.0,0.0,0.0,159916.0,159916,2026/4/27 12:13:23
2025-08-07,4.861,4.863,4.861,4.863,400.0,1945.2,0.04,-0.18,-0.01,0.0,0.0,0.0,0.0,159916.0,159916,2026/4/27 12:13:23
2025-08-08,4.872,4.872,4.868,4.868,6200.0,30181.6,0.08,0.1,0.0,0.0,0.0,0.0,0.0,159916.0,159916,2026/4/27 12:13:23
2025-08-11,4.868,4.903,4.868,4.895,14400.0,70488.0,0.72,0.55,0.03,0.0,0.0,0.0,0.0,159916.0,159916,2026/4/27 12:13:23
2025-08-12,4.917,4.93,4.908,4.913,13100.0,64360.3,0.45,0.37,0.02,0.0,0.0,0.0,0.0,159916.0,159916,2026/4/27 12:13:23
2025-08-13,4.919,4.931,4.907,4.927,24200.0,119233.4,0.49,0.28,0.01,0.0,0.0,0.0,0.0,159916.0,159916,2026/4/27 12:13:23
2025-08-14,4.953,4.962,4.917,4.917,8100.0,39827.7,0.92,-0.2,-0.01,0.0,0.0,0.0,0.0,159916.0,159916,2026/4/27 12:13:23
2025-08-15,4.838,4.982,4.838,4.957,15100.0,74850.7,2.98,0.81,0.04,0.0,0.0,0.0,0.0,159916.0,159916,2026/4/27 12:13:23
2025-08-18,5.002,5.032,4.951,4.976,1048400.0,5216838.4,1.64,0.38,0.02,0.0,0.0,0.0,0.0,159916.0,159916,2026/4/27 12:13:23
2025-08-19,4.938,4.991,4.938,4.948,44200.0,218701.6,1.07,-0.56,-0.03,0.0,0.0,0.0,0.0,159916.0,159916,2026/4/27 12:13:23
2025-08-20,4.951,5.045,4.951,5.005,9000.0,45045.0,1.9,1.15,0.06,0.0,0.0,0.0,0.0,159916.0,159916,2026/4/27 12:13:23
2025-08-21,5.038,5.062,5.033,5.034,7600.0,38258.4,0.58,0.58,0.03,0.0,0.0,0.0,0.0,159916.0,159916,2026/4/27 12:13:23
2025-08-22,5.035,5.1,5.035,5.1,75300.0,384030.0,1.29,1.31,0.07,0.0,0.0,0.0,0.0,159916.0,159916,2026/4/27 12:13:23
2025-08-25,5.19,5.216,5.08,5.21,31000.0,161510.0,2.68,2.16,0.11,0.0,0.0,0.0,0.0,159916.0,159916,2026/4/27 12:13:23
2025-08-26,5.186,5.248,5.186,5.219,17000.0,88723.0,1.2,0.17,0.01,0.0,0.0,0.0,0.0,159916.0,159916,2026/4/27 12:13:23
2025-08-27,5.23,5.253,5.11,5.11,1458700.0,7453957.0,2.8,-2.09,-0.11,0.0,0.0,0.0,0.0,159916.0,159916,2026/4/27 12:13:23
2025-08-28,5.13,5.161,5.057,5.15,115400.0,594310.0,2.06,0.78,0.04,0.0,0.0,0.0,0.0,159916.0,159916,2026/4/27 12:13:23
2025-08-29,5.16,5.203,5.151,5.17,1182100.0,6111457.0,1.01,0.39,0.02,0.0,0.0,0.0,0.0,159916.0,159916,2026/4/27 12:13:23
2025-09-01,5.245,5.247,5.14,5.148,253000.0,1302444.0,2.08,-0.43,-0.02,0.0,0.0,0.0,0.0,159916.0,159916,2026/4/27 12:13:23
2025-09-02,5.165,5.174,5.078,5.103,34100.0,174012.3,1.89,-0.87,-0.04,0.0,0.0,0.0,0.0,159916.0,159916,2026/4/27 12:13:23
2025-09-03,5.133,5.133,5.033,5.033,27100.0,136394.3,1.99,-1.37,-0.07,0.0,0.0,0.0,0.0,159916.0,159916,2026/4/27 12:13:23
2025-09-04,5.033,5.048,4.994,5.016,23700.0,118879.2,1.08,-0.34,-0.02,0.0,0.0,0.0,0.0,159916.0,159916,2026/4/27 12:13:23
2025-09-05,5.016,5.099,5.016,5.082,4600.0,23377.2,1.65,1.32,0.07,0.0,0.0,0.0,0.0,159916.0,159916,2026/4/27 12:13:23
2025-09-08,5.165,5.178,5.129,5.154,20100.0,103595.4,0.96,1.42,0.07,0.0,0.0,0.0,0.0,159916.0,159916,2026/4/27 12:13:23
2025-09-09,5.137,5.147,5.137,5.147,500.0,2573.5,0.19,-0.14,-0.01,0.0,0.0,0.0,0.0,159916.0,159916,2026/4/27 12:13:23
2025-09-10,5.199,5.199,5.099,5.122,5500.0,28171.0,1.96,-0.49,-0.03,0.0,0.0,0.0,0.0,159916.0,159916,2026/4/27 12:13:23
2025-09-11,5.153,5.184,5.153,5.182,4200.0,21764.4,0.6,1.17,0.06,0.0,0.0,0.0,0.0,159916.0,159916,2026/4/27 12:13:23
2025-09-12,5.182,5.219,5.182,5.192,25400.0,131876.8,0.71,0.19,0.01,0.0,0.0,0.0,0.0,159916.0,159916,2026/4/27 12:13:23
2025-09-15,5.227,5.244,5.219,5.224,11400.0,59553.6,0.48,0.62,0.03,0.0,0.0,0.0,0.0,159916.0,159916,2026/4/27 12:13:23
2025-09-16,5.194,5.207,5.169,5.197,8800.0,45733.6,0.74,-0.52,-0.03,0.0,0.0,0.0,0.0,159916.0,159916,2026/4/27 12:13:23
2025-09-17,5.167,5.243,5.167,5.238,5602.0,29343.28,1.47,0.79,0.04,0.0,0.0,0.0,0.0,159916.0,159916,2026/4/27 12:13:23
2025-09-18,5.224,5.247,5.135,5.147,164300.0,845652.1,2.18,-1.74,-0.09,0.0,0.0,0.0,0.0,159916.0,159916,2026/4/27 12:13:23
2025-09-19,5.147,5.206,5.147,5.198,36500.0,189727.0,1.15,0.99,0.05,0.0,0.0,0.0,0.0,159916.0,159916,2026/4/27 12:13:23
2025-09-22,5.184,5.184,5.17,5.18,10000.0,51800.0,0.27,-0.35,-0.02,0.0,0.0,0.0,0.0,159916.0,159916,2026/4/27 12:13:23
2025-09-23,5.17,5.195,5.097,5.135,43700.0,224399.5,1.92,-0.87,-0.04,0.0,0.0,0.0,0.0,159916.0,159916,2026/4/27 12:13:23
2025-09-24,5.137,5.212,5.137,5.212,14900.0,77658.8,1.46,1.5,0.08,0.0,0.0,0.0,0.0,159916.0,159916,2026/4/27 12:13:23
2025-09-25,5.215,5.249,5.212,5.239,16500.0,86443.5,0.71,0.52,0.03,0.0,0.0,0.0,0.0,159916.0,159916,2026/4/27 12:13:23
2025-09-26,5.226,5.239,5.201,5.201,31300.0,162791.3,0.73,-0.73,-0.04,0.0,0.0,0.0,0.0,159916.0,159916,2026/4/27 12:13:23
2025-09-29,5.222,5.282,5.174,5.277,33700.0,177834.9,2.09,1.46,0.08,0.0,0.0,0.0,0.0,159916.0,159916,2026/4/27 12:13:23
2025-09-30,5.278,5.295,5.261,5.293,4700.0,24877.1,0.65,0.3,0.02,0.0,0.0,0.0,0.0,159916.0,159916,2026/4/27 12:13:23
2025-10-09,5.306,5.383,5.261,5.383,10800.0,58136.4,2.32,1.7,0.09,0.0,0.0,0.0,0.0,159916.0,159916,2026/4/27 12:13:23
2025-10-10,5.383,5.383,5.317,5.317,8600.0,45726.2,1.24,-1.23,-0.07,0.0,0.0,0.0,0.0,159916.0,159916,2026/4/27 12:13:23
2025-10-13,5.097,5.317,5.097,5.29,20400.0,107916.0,4.32,-0.51,-0.03,0.0,0.0,0.0,0.0,159916.0,159916,2026/4/27 12:13:23
2025-10-14,5.242,5.33,5.201,5.201,11100.0,57731.1,2.48,-1.68,-0.09,0.0,0.0,0.0,0.0,159916.0,159916,2026/4/27 12:13:23
2025-10-15,5.214,5.275,5.214,5.275,3300.0,17407.5,1.17,1.42,0.07,0.0,0.0,0.0,0.0,159916.0,159916,2026/4/27 12:13:23
2025-10-16,5.275,5.292,5.255,5.255,7700.0,40463.5,0.7,-0.38,-0.02,0.0,0.0,0.0,0.0,159916.0,159916,2026/4/27 12:13:23
2025-10-17,5.265,5.265,5.144,5.144,12900.0,66357.6,2.35,-2.11,-0.11,0.0,0.0,0.0,0.0,159916.0,159916,2026/4/27 12:13:23
2025-10-20,5.144,5.176,5.139,5.159,19900.0,102664.1,0.72,0.29,0.01,0.0,0.0,0.0,0.0,159916.0,159916,2026/4/27 12:13:23
2025-10-21,5.18,5.252,5.18,5.214,3200.0,16684.8,1.39,1.07,0.06,0.0,0.0,0.0,0.0,159916.0,159916,2026/4/27 12:13:23
2025-10-22,5.197,5.214,5.197,5.214,40600.0,211688.4,0.33,0.0,0.0,0.0,0.0,0.0,0.0,159916.0,159916,2026/4/27 12:13:23
2025-10-23,5.196,5.213,5.18,5.213,59500.0,310173.5,0.64,-0.02,-0.0,0.0,0.0,0.0,0.0,159916.0,159916,2026/4/27 12:13:23
2025-10-24,5.257,5.265,5.22,5.245,54800.0,287426.0,0.86,0.61,0.03,0.0,0.0,0.0,0.0,159916.0,159916,2026/4/27 12:13:23
2025-10-27,5.245,5.299,5.245,5.283,35900.0,189659.7,1.03,0.72,0.04,0.0,0.0,0.0,0.0,159916.0,159916,2026/4/27 12:13:23
2025-10-28,5.25,5.283,5.23,5.23,18500.0,96755.0,1.01,-1.0,-0.05,0.0,0.0,0.0,0.0,159916.0,159916,2026/4/27 12:13:23
2025-10-29,5.231,5.286,5.231,5.286,1900.0,10043.4,1.05,1.07,0.06,0.0,0.0,0.0,0.0,159916.0,159916,2026/4/27 12:13:23
2025-10-30,5.45,5.551,5.241,5.287,706100.0,3733150.7,5.91,0.02,0.0,0.0,0.0,0.0,0.0,159916.0,159916,2026/4/27 12:13:23
2025-10-31,5.241,5.305,5.2,5.257,351000.0,1845207.0,2.02,-0.57,-0.03,0.0,0.0,0.0,0.0,159916.0,159916,2026/4/27 12:13:23
2025-11-03,5.218,5.256,5.21,5.252,219200.0,1151238.4,0.88,-0.1,-0.0,0.0,0.0,0.0,0.0,159916.0,159916,2026/4/27 12:13:23
2025-11-04,5.307,5.356,5.185,5.204,29600.0,154038.4,3.3,-0.91,-0.05,0.0,0.0,0.0,0.0,159916.0,159916,2026/4/27 12:13:23
2025-11-05,5.145,5.24,5.127,5.221,17800.0,92933.8,2.2,0.33,0.02,0.0,0.0,0.0,0.0,159916.0,159916,2026/4/27 12:13:23
2025-11-06,5.167,5.307,5.167,5.283,728500.0,3848665.5,2.71,1.19,0.06,0.0,0.0,0.0,0.0,159916.0,159916,2026/4/27 12:13:23
2025-11-07,5.282,5.3,5.22,5.281,62100.0,327950.1,1.53,-0.04,-0.0,0.0,0.0,0.0,0.0,159916.0,159916,2026/4/27 12:13:23
2025-11-10,5.286,5.332,5.257,5.33,37300.0,198809.0,1.43,0.93,0.05,0.0,0.0,0.0,0.0,159916.0,159916,2026/4/27 12:13:23
2025-11-11,5.309,5.349,5.301,5.306,35400.0,187832.4,0.91,-0.45,-0.02,0.0,0.0,0.0,0.0,159916.0,159916,2026/4/27 12:13:23
2025-11-12,5.299,5.327,5.299,5.315,37300.0,198249.5,0.53,0.17,0.01,0.0,0.0,0.0,0.0,159916.0,159916,2026/4/27 12:13:23
2025-11-13,5.26,5.384,5.26,5.364,30300.0,162529.2,2.36,0.92,0.05,0.0,0.0,0.0,0.0,159916.0,159916,2026/4/27 12:13:23
2025-11-14,5.343,5.354,5.3,5.3,28700.0,152110.0,1.02,-1.19,-0.06,0.0,0.0,0.0,0.0,159916.0,159916,2026/4/27 12:13:23
2025-11-17,5.264,5.267,5.253,5.253,1700.0,8930.1,0.27,-0.89,-0.05,0.0,0.0,0.0,0.0,159916.0,159916,2026/4/27 12:13:23
2025-11-18,5.252,5.252,5.205,5.208,10200.0,53121.6,0.9,-0.86,-0.04,0.0,0.0,0.0,0.0,159916.0,159916,2026/4/27 12:13:23
2025-11-19,5.206,5.227,5.189,5.204,25000.0,130100.0,0.73,-0.08,-0.0,0.0,0.0,0.0,0.0,159916.0,159916,2026/4/27 12:13:23
2025-11-20,5.162,5.27,5.162,5.2,42500.0,221000.0,2.09,-0.08,-0.0,0.0,0.0,0.0,0.0,159916.0,159916,2026/4/27 12:13:23
2025-11-21,5.158,5.34,5.101,5.124,36400.0,186513.6,4.69,-1.46,-0.08,0.0,0.0,0.0,0.0,159916.0,159916,2026/4/27 12:13:23
2025-11-24,5.174,5.174,5.022,5.076,20100.0,102027.6,3.03,-0.94,-0.05,0.0,0.0,0.0,0.0,159916.0,159916,2026/4/27 12:13:23
2025-11-25,5.09,5.128,5.09,5.122,7100.0,36366.2,0.75,0.91,0.05,0.0,0.0,0.0,0.0,159916.0,159916,2026/4/27 12:13:23
2025-11-26,5.135,5.136,5.135,5.136,3400.0,17462.4,0.02,0.27,0.01,0.0,0.0,0.0,0.0,159916.0,159916,2026/4/27 12:13:23
2025-11-27,5.095,5.132,5.095,5.116,5700.0,29161.2,0.73,-0.39,-0.02,0.0,0.0,0.0,0.0,159916.0,159916,2026/4/27 12:13:23
2025-11-28,5.098,5.125,5.098,5.125,4700.0,24087.5,0.53,0.18,0.01,0.0,0.0,0.0,0.0,159916.0,159916,2026/4/27 12:13:23
2025-12-01,5.125,5.17,5.125,5.17,8900.0,46013.0,0.88,0.88,0.04,0.0,0.0,0.0,0.0,159916.0,159916,2026/4/27 12:13:23
2025-12-02,5.195,5.195,5.164,5.174,1200.0,6208.8,0.6,0.08,0.0,0.0,0.0,0.0,0.0,159916.0,159916,2026/4/27 12:13:23
2025-12-03,5.173,5.173,5.15,5.156,1200.0,6187.2,0.45,-0.35,-0.02,0.0,0.0,0.0,0.0,159916.0,159916,2026/4/27 12:13:23
2025-12-04,5.115,5.169,5.115,5.166,33800.0,174610.8,1.06,0.19,0.01,0.0,0.0,0.0,0.0,159916.0,159916,2026/4/27 12:13:23
2025-12-05,5.182,5.205,5.156,5.204,7800.0,40591.2,0.95,0.74,0.04,0.0,0.0,0.0,0.0,159916.0,159916,2026/4/27 12:13:23
2025-12-08,5.194,5.223,5.182,5.207,7800.0,40614.6,0.79,0.06,0.0,0.0,0.0,0.0,0.0,159916.0,159916,2026/4/27 12:13:23
2025-12-09,5.182,5.182,5.114,5.118,15000.0,76770.0,1.33,-1.71,-0.09,0.0,0.0,0.0,0.0,159916.0,159916,2026/4/27 12:13:23
2025-12-10,5.077,5.142,5.063,5.142,7800.0,40107.6,1.56,0.47,0.02,0.0,0.0,0.0,0.0,159916.0,159916,2026/4/27 12:13:23
2025-12-11,5.15,5.151,5.091,5.091,7200.0,36655.2,1.18,-0.99,-0.05,0.0,0.0,0.0,0.0,159916.0,159916,2026/4/27 12:13:23
2025-12-12,5.071,5.141,5.071,5.13,8800.0,45144.0,1.38,0.77,0.04,0.0,0.0,0.0,0.0,159916.0,159916,2026/4/27 12:13:23
2025-12-15,5.142,5.143,5.124,5.132,2900.0,14882.8,0.37,0.04,0.0,0.0,0.0,0.0,0.0,159916.0,159916,2026/4/27 12:13:23
2025-12-16,5.095,5.097,5.071,5.097,4500.0,22936.5,0.51,-0.68,-0.03,0.0,0.0,0.0,0.0,159916.0,159916,2026/4/27 12:13:23
2025-12-17,5.095,5.138,5.09,5.138,3800.0,19524.4,0.94,0.8,0.04,0.0,0.0,0.0,0.0,159916.0,159916,2026/4/27 12:13:23
2025-12-18,5.097,5.111,5.097,5.11,2400.0,12264.0,0.27,-0.54,-0.03,0.0,0.0,0.0,0.0,159916.0,159916,2026/4/27 12:13:23
2025-12-19,5.113,5.137,5.113,5.124,9800.0,50215.2,0.47,0.27,0.01,0.0,0.0,0.0,0.0,159916.0,159916,2026/4/27 12:13:23
2025-12-22,5.135,5.143,5.132,5.14,36400.0,187096.0,0.21,0.31,0.02,0.0,0.0,0.0,0.0,159916.0,159916,2026/4/27 12:13:23
2025-12-23,5.124,5.195,5.099,5.13,34300.0,175959.0,1.88,-0.19,-0.01,0.0,0.0,0.0,0.0,159916.0,159916,2026/4/27 12:13:23
2025-12-24,5.13,5.133,5.108,5.133,23900.0,122678.7,0.49,0.06,0.0,0.0,0.0,0.0,0.0,159916.0,159916,2026/4/27 12:13:23
2025-12-25,5.123,5.147,5.121,5.147,6800.0,34999.6,0.51,0.27,0.01,0.0,0.0,0.0,0.0,159916.0,159916,2026/4/27 12:13:23
2025-12-26,5.17,5.178,5.149,5.149,7300.0,37587.7,0.56,0.04,0.0,0.0,0.0,0.0,0.0,159916.0,159916,2026/4/27 12:13:23
2025-12-29,5.128,5.18,5.128,5.171,10500.0,54295.5,1.01,0.43,0.02,0.0,0.0,0.0,0.0,159916.0,159916,2026/4/27 12:13:23
2025-12-30,5.133,5.173,5.133,5.173,2700.0,13967.1,0.78,0.04,0.0,0.0,0.0,0.0,0.0,159916.0,159916,2026/4/27 12:13:23
2025-12-31,5.162,5.162,5.15,5.15,1100.0,5665.0,0.23,-0.44,-0.02,0.0,0.0,0.0,0.0,159916.0,159916,2026/4/27 12:13:23
2026-01-05,5.198,5.201,5.177,5.195,39600.0,205722.0,0.46,0.87,0.04,0.0,0.0,0.0,0.0,159916.0,159916,2026/4/27 12:13:23
2026-01-06,5.234,5.3,5.234,5.3,43200.0,228960.0,1.26,2.02,0.1,0.0,0.0,0.0,0.0,159916.0,159916,2026/4/27 12:13:23
2026-01-07,5.3,5.3,5.244,5.244,20800.0,109075.2,1.07,-1.06,-0.06,0.0,0.0,0.0,0.0,159916.0,159916,2026/4/27 12:13:23
2026-01-08,5.285,5.286,5.22,5.22,12600.0,65772.0,1.26,-0.46,-0.02,0.0,0.0,0.0,0.0,159916.0,159916,2026/4/27 12:13:23
2026-01-09,5.224,5.285,5.224,5.24,23100.0,121044.0,1.17,0.38,0.02,0.0,0.0,0.0,0.0,159916.0,159916,2026/4/27 12:13:23
2026-01-12,5.705,5.705,5.24,5.29,31700.0,167693.0,8.87,0.95,0.05,0.0,0.0,0.0,0.0,159916.0,159916,2026/4/27 12:13:23
2026-01-13,5.29,5.306,5.249,5.249,19500.0,102355.5,1.09,-0.78,-0.04,0.0,0.0,0.0,0.0,159916.0,159916,2026/4/27 12:13:23
2026-01-14,5.273,5.347,5.239,5.239,42000.0,220038.0,2.06,-0.19,-0.01,0.0,0.0,0.0,0.0,159916.0,159916,2026/4/27 12:13:23
2026-01-15,5.187,5.422,5.0,5.266,734700.0,3868930.2,8.44,0.52,0.03,0.0,0.0,0.0,0.0,159916.0,159916,2026/4/27 12:13:23
2026-01-16,5.249,5.305,5.21,5.222,159200.0,831342.4,1.82,-0.84,-0.04,0.0,0.0,0.0,0.0,159916.0,159916,2026/4/27 12:13:23
2026-01-19,5.215,5.262,5.215,5.234,14800.0,77463.2,0.9,0.23,0.01,0.0,0.0,0.0,0.0,159916.0,159916,2026/4/27 12:13:23
2026-01-20,5.214,5.277,5.214,5.261,13000.0,68393.0,1.21,0.52,0.03,0.0,0.0,0.0,0.0,159916.0,159916,2026/4/27 12:13:23
2026-01-21,5.275,5.34,5.275,5.336,523800.0,2794996.8,1.23,1.43,0.08,0.0,0.0,0.0,0.0,159916.0,159916,2026/4/27 12:13:23
2026-01-22,5.442,5.442,5.267,5.276,525300.0,2771482.8,3.32,-1.12,-0.06,0.0,0.0,0.0,0.0,159916.0,159916,2026/4/27 12:13:23
2026-01-23,5.236,5.329,5.236,5.306,67000.0,355502.0,1.78,0.57,0.03,0.0,0.0,0.0,0.0,159916.0,159916,2026/4/27 12:13:23
2026-01-26,5.266,5.409,5.264,5.32,538300.0,2863756.0,2.75,0.26,0.01,0.0,0.0,0.0,0.0,159916.0,159916,2026/4/27 12:13:23
2026-01-27,5.286,5.3,5.257,5.281,48400.0,255600.4,0.82,-0.73,-0.04,0.0,0.0,0.0,0.0,159916.0,159916,2026/4/27 12:13:23
2026-01-28,5.252,5.341,5.238,5.305,1514000.0,8031770.0,1.97,0.45,0.02,0.0,0.0,0.0,0.0,159916.0,159916,2026/4/27 12:13:23
2026-01-29,5.309,5.392,5.286,5.392,57300.0,308961.6,2.01,1.64,0.09,0.0,0.0,0.0,0.0,159916.0,159916,2026/4/27 12:13:23
2026-01-30,5.34,5.343,5.265,5.301,33300.0,176523.3,1.48,-1.69,-0.09,0.0,0.0,0.0,0.0,159916.0,159916,2026/4/27 12:13:23
2026-02-02,5.251,5.331,5.173,5.176,743300.0,3847320.8,3.05,-2.36,-0.13,0.0,0.0,0.0,0.0,159916.0,159916,2026/4/27 12:13:23
2026-02-03,5.275,5.295,5.148,5.246,584300.0,3065237.8,2.86,1.35,0.07,0.0,0.0,0.0,0.0,159916.0,159916,2026/4/27 12:13:23
2026-02-04,5.242,5.352,5.242,5.352,1150300.0,6156405.6,2.1,2.02,0.11,0.0,0.0,0.0,0.0,159916.0,159916,2026/4/27 12:13:23
2026-02-05,5.387,5.39,5.247,5.334,542600.0,2894228.4,2.73,-0.34,-0.02,0.0,0.0,0.0,0.0,159916.0,159916,2026/4/27 12:13:23
2026-02-06,5.282,5.393,5.262,5.39,2656000.0,14315840.0,2.49,1.05,0.06,0.0,0.0,0.0,0.0,159916.0,159916,2026/4/27 12:13:23
2026-02-09,5.311,5.39,5.311,5.386,2056000.0,11073616.0,1.49,-0.07,-0.0,0.0,0.0,0.0,0.0,159916.0,159916,2026/4/27 12:13:23
2026-02-10,5.343,5.379,5.305,5.334,87800.0,468325.2,1.39,-0.97,-0.05,0.0,0.0,0.0,0.0,159916.0,159916,2026/4/27 12:13:23
2026-02-11,5.324,5.347,5.324,5.339,124400.0,664171.6,0.43,0.09,0.01,0.0,0.0,0.0,0.0,159916.0,159916,2026/4/27 12:13:23
2026-02-12,5.304,5.342,5.304,5.335,14800.0,78958.0,0.72,-0.07,-0.0,0.0,0.0,0.0,0.0,159916.0,159916,2026/4/27 12:13:23
2026-02-13,5.281,5.292,5.263,5.265,22100.0,116356.5,0.55,-1.31,-0.07,0.0,0.0,0.0,0.0,159916.0,159916,2026/4/27 12:13:23
2026-02-24,5.266,5.38,5.266,5.33,87400.0,465842.0,2.16,1.23,0.07,0.0,0.0,0.0,0.0,159916.0,159916,2026/4/27 12:13:23
2026-02-25,5.371,5.389,5.349,5.358,503500.0,2697753.0,0.75,0.53,0.03,0.0,0.0,0.0,0.0,159916.0,159916,2026/4/27 12:13:23
2026-02-26,5.365,5.415,5.317,5.32,14800.0,78736.0,1.84,-0.71,-0.04,0.0,0.0,0.0,0.0,159916.0,159916,2026/4/27 12:13:23
2026-02-27,5.327,5.351,5.327,5.342,5300.0,28312.6,0.45,0.41,0.02,0.0,0.0,0.0,0.0,159916.0,159916,2026/4/27 12:13:23
2026-03-02,5.35,5.35,5.271,5.334,14400.0,76809.6,1.5,-0.15,-0.01,0.0,0.0,0.0,0.0,159916.0,159916,2026/4/27 12:13:23
2026-03-03,5.345,5.396,5.25,5.278,1089900.0,5752492.2,2.78,-1.05,-0.06,0.0,0.0,0.0,0.0,159916.0,159916,2026/4/27 12:13:23
2026-03-04,5.228,5.27,5.163,5.213,1613000.0,8408569.0,2.07,-1.23,-0.06,0.0,0.0,0.0,0.0,159916.0,159916,2026/4/27 12:13:23
2026-03-05,5.25,5.265,5.23,5.243,36800.0,192942.4,0.67,0.58,0.03,0.0,0.0,0.0,0.0,159916.0,159916,2026/4/27 12:13:23
2026-03-06,5.202,5.269,5.202,5.269,23200.0,122240.8,1.29,0.5,0.03,0.0,0.0,0.0,0.0,159916.0,159916,2026/4/27 12:13:23
2026-03-09,5.259,5.337,5.145,5.248,2138600.0,11223372.8,3.73,-0.4,-0.02,0.0,0.0,0.0,0.0,159916.0,159916,2026/4/27 12:13:23
2026-03-10,5.242,5.294,5.242,5.291,4528300.0,23959235.3,0.99,0.82,0.04,0.0,0.0,0.0,0.0,159916.0,159916,2026/4/27 12:13:23
2026-03-11,5.317,5.388,5.264,5.366,1697200.0,9107175.2,2.36,1.42,0.07,0.0,0.0,0.0,0.0,159916.0,159916,2026/4/27 12:13:23
2026-03-12,5.29,5.31,5.25,5.31,26800.0,142308.0,1.14,-1.04,-0.06,0.0,0.0,0.0,0.0,159916.0,159916,2026/4/27 12:13:23
2026-03-13,5.285,5.31,5.267,5.288,1708200.0,9032961.6,0.82,-0.41,-0.02,0.0,0.0,0.0,0.0,159916.0,159916,2026/4/27 12:13:23
2026-03-16,5.294,5.294,5.218,5.27,1146800.0,6043636.0,1.46,-0.34,-0.02,0.0,0.0,0.0,0.0,159916.0,159916,2026/4/27 12:13:23
2026-03-17,5.263,5.317,5.216,5.237,707200.0,3703606.4,1.94,-0.63,-0.03,0.0,0.0,0.0,0.0,159916.0,159916,2026/4/27 12:13:23
2026-03-18,5.709,5.709,5.145,5.208,1081100.0,5630368.8,10.96,-0.55,-0.03,0.0,0.0,0.0,0.0,159916.0,159916,2026/4/27 12:13:23
2026-03-19,5.153,5.206,5.064,5.142,672100.0,3455938.2,2.8,-1.27,-0.07,0.0,0.0,0.0,0.0,159916.0,159916,2026/4/27 12:13:23
2026-03-20,5.119,5.184,5.038,5.078,1060200.0,5383695.6,2.9,-1.24,-0.06,0.0,0.0,0.0,0.0,159916.0,159916,2026/4/27 12:13:23
2026-03-23,5.017,5.017,4.859,4.879,175500.0,856264.5,3.25,-3.92,-0.2,0.0,0.0,0.0,0.0,159916.0,159916,2026/4/27 12:13:23
2026-03-24,4.936,4.999,4.881,4.981,2622300.0,13061676.3,2.42,2.09,0.1,0.0,0.0,0.0,0.0,159916.0,159916,2026/4/27 12:13:23
2026-03-25,5.005,5.098,4.942,5.044,1193800.0,6021527.2,3.16,1.26,0.06,0.0,0.0,0.0,0.0,159916.0,159916,2026/4/27 12:13:23
2026-03-26,5.016,5.049,4.936,5.015,44700.0,224170.5,2.29,-0.57,-0.03,0.0,0.0,0.0,0.0,159916.0,159916,2026/4/27 12:13:23
2026-03-27,4.975,5.056,4.975,5.033,1136400.0,5719501.2,1.63,0.36,0.02,0.0,0.0,0.0,0.0,159916.0,159916,2026/4/27 12:13:23
2026-03-30,5.032,5.056,4.974,5.015,2541100.0,12743616.5,1.65,-0.36,-0.02,0.0,0.0,0.0,0.0,159916.0,159916,2026/4/27 12:13:23
2026-03-31,5.025,5.053,4.978,4.995,558800.0,2791206.0,1.51,-0.4,-0.02,0.0,0.0,0.0,0.0,159916.0,159916,2026/4/27 12:13:23
2026-04-01,5.015,5.061,5.015,5.045,260000.0,1311700.0,0.92,1.0,0.05,0.0,0.0,0.0,0.0,159916.0,159916,2026/4/27 12:13:23
2026-04-02,5.014,5.054,4.981,4.988,294800.0,1470462.4,1.47,-1.13,-0.06,0.0,0.0,0.0,0.0,159916.0,159916,2026/4/27 12:13:23
2026-04-03,4.983,4.983,4.929,4.938,388700.0,1919400.6,1.1,-1.0,-0.05,0.0,0.0,0.0,0.0,159916.0,159916,2026/4/27 12:13:23
2026-04-07,4.938,4.947,4.907,4.945,2021100.0,9994339.5,0.82,0.14,0.01,0.0,0.0,0.0,0.0,159916.0,159916,2026/4/27 12:13:23
2026-04-08,4.964,5.075,4.964,5.075,33700.0,171027.5,2.24,2.63,0.13,0.0,0.0,0.0,0.0,159916.0,159916,2026/4/27 12:13:23
2026-04-09,5.089,5.089,5.021,5.033,16600.0,83547.8,1.35,-0.83,-0.04,0.0,0.0,0.0,0.0,159916.0,159916,2026/4/27 12:13:23
2026-04-10,5.093,5.17,5.091,5.151,230700.0,1188335.7,1.55,2.34,0.12,0.0,0.0,0.0,0.0,159916.0,159916,2026/4/27 12:13:23
2026-04-13,5.177,5.178,5.105,5.125,1858600.0,9525325.0,1.43,-0.5,-0.03,0.0,0.0,0.0,0.0,159916.0,159916,2026/4/27 12:13:23
2026-04-14,5.141,5.168,5.125,5.168,264400.0,1366419.2,0.84,0.84,0.04,0.0,0.0,0.0,0.0,159916.0,159916,2026/4/27 12:13:23
2026-04-15,5.176,5.192,5.16,5.16,36600.0,188856.0,0.62,-0.15,-0.01,0.0,0.0,0.0,0.0,159916.0,159916,2026/4/27 12:13:23
2026-04-16,5.194,5.257,5.181,5.224,895900.0,4680181.6,1.47,1.24,0.06,0.0,0.0,0.0,0.0,159916.0,159916,2026/4/27 12:13:23
2026-04-17,5.221,5.314,5.185,5.258,266300.0,1400205.4,2.49,0.65,0.03,0.0,0.0,0.0,0.0,159916.0,159916,2026/4/27 12:13:23
2026-04-20,5.273,5.273,5.18,5.198,2757700.0,14334524.6,1.8,-1.14,-0.06,0.0,0.0,0.0,0.0,159916.0,159916,2026/4/27 12:13:23
2026-04-21,5.245,5.25,5.184,5.22,3993800.0,20847636.0,1.27,0.42,0.02,0.0,0.0,0.0,0.0,159916.0,159916,2026/4/27 12:13:23
2026-04-22,5.176,5.31,5.176,5.287,3056100.0,16157600.7,2.59,1.28,0.07,0.0,0.0,0.0,0.0,159916.0,159916,2026/4/27 12:13:23
2026-04-23,5.237,5.31,5.218,5.28,4344700.0,22940016.0,1.76,-0.13,-0.01,0.0,0.0,0.0,0.0,159916.0,159916,2026/4/27 12:13:23
2026-04-24,5.227,5.265,5.181,5.243,3240200.0,16988368.6,1.62,-0.7,-0.04,0.0,0.0,0.0,0.0,159916.0,159916,2026/4/27 12:13:23
2026-04-27,5.243,5.31,5.243,5.267,2212400.0,11652710.8,1.28,0.46,0.02,0.0,0.0,0.0,0.0,159916.0,159916,2026/4/28 02:25:29
2026-04-28,5.303,5.303,5.236,5.297,3625900.0,0.0,1.27,0.57,0.03,0.0,,,159916.0,,2026-04-30 21:49:09,
2026-04-29,5.26,5.396,5.26,5.364,1271400.0,0.0,2.57,1.26,0.07,0.0,,,159916.0,,2026-04-30 21:49:09,
2026-04-30,5.343,5.448,5.343,5.365,4588200.0,0.0,1.96,0.02,0.0,0.0,,,159916.0,,2026-04-30 21:49:09,
2026-05-06,5.346,5.425,5.346,5.424,2749600.0,,1.47,1.1,0.06,0.0,,,159916.0,,2026-05-23 04:12:41,
2026-05-07,5.424,5.5,5.389,5.425,1836400.0,,2.05,0.02,0.0,0.0,,,159916.0,,2026-05-23 04:12:41,
2026-05-08,5.385,5.391,5.349,5.366,1804700.0,,0.77,-1.09,-0.06,0.0,,,159916.0,,2026-05-23 04:12:41,
2026-05-11,5.365,5.442,5.365,5.441,62500.0,,1.43,1.4,0.08,0.0,,,159916.0,,2026-05-23 04:12:41,
2026-05-12,5.416,5.44,5.371,5.372,1125100.0,,1.27,-1.27,-0.07,0.0,,,159916.0,,2026-05-23 04:12:41,
2026-05-13,5.403,5.423,5.389,5.423,2133700.0,,0.63,0.95,0.05,0.0,,,159916.0,,2026-05-23 04:12:41,
2026-05-14,5.425,5.435,5.382,5.382,2557300.0,,0.98,-0.76,-0.04,0.0,,,159916.0,,2026-05-23 04:12:41,
2026-05-15,5.338,5.382,5.3,5.305,506200.0,,1.52,-1.43,-0.08,0.0,,,159916.0,,2026-05-23 04:12:41,
2026-05-18,5.295,5.296,5.166,5.177,2903100.0,,2.45,-2.41,-0.13,0.0,,,159916.0,,2026-05-23 04:12:41,
2026-05-19,5.131,5.182,5.131,5.182,761700.0,,0.99,0.1,0.01,0.0,,,159916.0,,2026-05-23 04:12:41,
2026-05-20,5.146,5.157,5.103,5.147,149800.0,,1.04,-0.68,-0.04,0.0,,,159916.0,,2026-05-23 04:12:41,
2026-05-21,5.136,5.299,5.136,5.269,2992000.0,,3.17,2.37,0.12,0.0,,,159916.0,,2026-05-23 04:12:41,
2026-05-22,5.179,5.195,5.06,5.147,686000.0,,2.56,-2.32,-0.12,0.0,,,159916.0,,2026-05-23 04:12:41,
2026-05-25,5.147,5.199,5.136,5.191,1150100.0,,1.22,0.85,0.04,0.0,,,159916.0,,2026-05-26 04:52:32,
2026-05-26,5.156,5.222,5.131,5.213,1178000.0,,1.75,0.42,0.02,0.0,,,159916.0,,2026-05-27 05:00:10,
2026-05-27,5.227,5.26,5.14,5.232,2487900.0,13016692.49,0.0,0.0,,0.0,0.0,0.0,0.0,159916,基本面ETF建信,2026-06-05 09:52:06
2026-05-28,5.195,5.195,5.1,5.153,2237900.0,11531898.43,1.82,-1.51,-0.079,0.0,0.0,0.0,0.0,159916,基本面ETF建信,2026-06-05 09:52:06
2026-05-29,5.154,5.238,5.154,5.23,131700.0,688791.0,1.63,1.49,0.077,0.0,0.0,0.0,0.0,159916,基本面ETF建信,2026-06-05 09:52:06
2026-06-01,5.21,5.248,5.183,5.204,25192.0,131099.17,1.24,-0.5,-0.026,0.0,0.0,0.0,0.0,159916,基本面ETF建信,2026-06-05 09:52:06
2026-06-02,5.169,5.214,5.142,5.211,48900.0,254817.9,1.38,0.13,0.007,0.0,0.0,0.0,0.0,159916,基本面ETF建信,2026-06-05 09:52:06
2026-06-03,5.226,5.3,5.195,5.22,1856500.0,9690929.61,2.01,0.17,0.009,0.0,0.0,0.0,0.0,159916,基本面ETF建信,2026-06-05 09:52:06
2026-06-04,,,,,2300.0,,0.0,0.0,,0.0,0.0,0.0,0.0,159916,基本面ETF建信,2026-06-05 09:52:06
