日期,开盘,最高,最低,收盘,成交量,成交额,振幅,涨跌幅,涨跌额,换手率,IOPV,折价率,溢价率,ETF代码,ETF名称,爬取时间
2022-03-10,1.199,1.222,1.199,1.202,72100.0,86664.2,1.92,0.42,0.0,0.0,0.0,0.0,0.0,512970.0,512970,2026/4/27 12:13:36
2022-03-11,1.2,1.238,1.175,1.201,82600.0,99202.6,5.36,-0.08,-0.0,0.0,0.0,0.0,0.0,512970.0,512970,2026/4/27 12:13:36
2022-03-14,1.196,1.21,1.185,1.185,54800.0,64938.0,2.11,-1.33,-0.02,0.0,0.0,0.0,0.0,512970.0,512970,2026/4/27 12:13:36
2022-03-15,1.19,1.19,1.126,1.126,118900.0,133881.4,5.68,-4.98,-0.06,0.0,0.0,0.0,0.0,512970.0,512970,2026/4/27 12:13:36
2022-03-16,1.113,1.166,1.107,1.166,72000.0,83952.0,5.33,3.55,0.04,0.0,0.0,0.0,0.0,512970.0,512970,2026/4/27 12:13:36
2022-03-17,1.17,1.214,1.17,1.197,104718.0,125347.45,3.76,2.66,0.03,0.0,0.0,0.0,0.0,512970.0,512970,2026/4/27 12:13:36
2022-03-18,1.197,1.224,1.182,1.222,466200.0,569696.4,3.55,2.09,0.02,0.0,0.0,0.0,0.0,512970.0,512970,2026/4/27 12:13:36
2022-03-21,1.22,1.234,1.204,1.234,171900.0,212124.6,2.49,0.98,0.01,0.0,0.0,0.0,0.0,512970.0,512970,2026/4/27 12:13:36
2022-03-22,1.2,1.233,1.2,1.233,168300.0,207513.9,2.75,-0.08,-0.0,0.0,0.0,0.0,0.0,512970.0,512970,2026/4/27 12:13:36
2022-03-23,1.212,1.276,1.212,1.23,34418.0,42334.14,5.28,-0.24,-0.0,0.0,0.0,0.0,0.0,512970.0,512970,2026/4/27 12:13:36
2022-03-24,1.23,1.23,1.225,1.225,6200.0,7595.0,0.41,-0.41,-0.0,0.0,0.0,0.0,0.0,512970.0,512970,2026/4/27 12:13:36
2022-03-25,1.203,1.221,1.2,1.201,4600.0,5524.6,1.75,-1.96,-0.02,0.0,0.0,0.0,0.0,512970.0,512970,2026/4/27 12:13:36
2022-03-28,1.18,1.23,1.18,1.18,3000.0,3540.0,4.24,-1.75,-0.02,0.0,0.0,0.0,0.0,512970.0,512970,2026/4/27 12:13:36
2022-03-29,1.176,1.248,1.176,1.224,32000.0,39168.0,6.12,3.73,0.04,0.0,0.0,0.0,0.0,512970.0,512970,2026/4/27 12:13:36
2022-03-30,1.225,1.229,1.182,1.226,38100.0,46710.6,3.98,0.16,0.0,0.0,0.0,0.0,0.0,512970.0,512970,2026/4/27 12:13:36
2022-03-31,1.282,1.282,1.193,1.246,88900.0,110769.4,7.46,1.63,0.02,0.0,0.0,0.0,0.0,512970.0,512970,2026/4/27 12:13:36
2022-04-01,1.238,1.265,1.181,1.265,38400.0,48576.0,7.11,1.52,0.02,0.0,0.0,0.0,0.0,512970.0,512970,2026/4/27 12:13:36
2022-04-06,1.283,1.283,1.21,1.211,1127100.0,1364918.1,6.03,-4.27,-0.05,0.0,0.0,0.0,0.0,512970.0,512970,2026/4/27 12:13:36
2022-04-07,1.216,1.216,1.185,1.185,76900.0,91126.5,2.62,-2.15,-0.03,0.0,0.0,0.0,0.0,512970.0,512970,2026/4/27 12:13:36
2022-04-08,1.196,1.21,1.174,1.207,918900.0,1109112.3,3.07,1.86,0.02,0.0,0.0,0.0,0.0,512970.0,512970,2026/4/27 12:13:36
2022-04-11,1.178,1.198,1.158,1.158,883400.0,1022977.2,3.45,-4.06,-0.05,0.0,0.0,0.0,0.0,512970.0,512970,2026/4/27 12:13:36
2022-04-12,1.156,1.187,1.143,1.159,68000.0,78812.0,3.85,0.09,0.0,0.0,0.0,0.0,0.0,512970.0,512970,2026/4/27 12:13:36
2022-04-13,1.153,1.16,1.13,1.159,62400.0,72321.6,2.65,0.0,0.0,0.0,0.0,0.0,0.0,512970.0,512970,2026/4/27 12:13:36
2022-04-14,1.153,1.197,1.153,1.18,1038500.0,1225430.0,3.82,1.81,0.02,0.0,0.0,0.0,0.0,512970.0,512970,2026/4/27 12:13:36
2022-04-15,1.181,1.181,1.164,1.164,300.0,349.2,1.46,-1.36,-0.02,0.0,0.0,0.0,0.0,512970.0,512970,2026/4/27 12:13:36
2022-04-18,1.161,1.161,1.161,1.161,100.0,116.1,0.0,-0.26,-0.0,0.0,0.0,0.0,0.0,512970.0,512970,2026/4/27 12:13:36
2022-04-19,1.165,1.186,1.165,1.186,70200.0,83257.2,1.8,2.15,0.02,0.0,0.0,0.0,0.0,512970.0,512970,2026/4/27 12:13:36
2022-04-20,1.186,1.19,1.145,1.153,19000.0,21907.0,3.93,-2.78,-0.03,0.0,0.0,0.0,0.0,512970.0,512970,2026/4/27 12:13:36
2022-04-21,1.137,1.153,1.122,1.122,83200.0,93350.4,2.76,-2.69,-0.03,0.0,0.0,0.0,0.0,512970.0,512970,2026/4/27 12:13:36
2022-04-22,1.122,1.17,1.122,1.155,138600.0,160083.0,4.28,2.94,0.03,0.0,0.0,0.0,0.0,512970.0,512970,2026/4/27 12:13:36
2022-04-25,1.151,1.199,1.082,1.16,351400.0,407624.0,10.81,0.43,0.0,0.0,0.0,0.0,0.0,512970.0,512970,2026/4/27 12:13:36
2022-04-26,1.074,1.156,1.068,1.071,113300.0,121344.3,8.24,-7.67,-0.09,0.0,0.0,0.0,0.0,512970.0,512970,2026/4/27 12:13:36
2022-04-27,1.071,1.098,1.035,1.098,139100.0,152731.8,6.09,2.52,0.03,0.0,0.0,0.0,0.0,512970.0,512970,2026/4/27 12:13:36
2022-04-28,1.086,1.092,1.067,1.085,69800.0,75733.0,2.34,-1.18,-0.01,0.0,0.0,0.0,0.0,512970.0,512970,2026/4/27 12:13:36
2022-04-29,1.077,1.126,1.077,1.126,137600.0,154937.6,4.55,3.78,0.04,0.0,0.0,0.0,0.0,512970.0,512970,2026/4/27 12:13:36
2022-05-05,1.127,1.137,1.115,1.123,41700.0,46829.1,1.97,-0.27,-0.0,0.0,0.0,0.0,0.0,512970.0,512970,2026/4/27 12:13:36
2022-05-06,1.123,1.123,1.099,1.123,43500.0,48850.5,2.18,0.0,0.0,0.0,0.0,0.0,0.0,512970.0,512970,2026/4/27 12:13:36
2022-05-09,1.11,1.122,1.079,1.122,111300.0,124878.6,3.99,-0.09,-0.0,0.0,0.0,0.0,0.0,512970.0,512970,2026/4/27 12:13:36
2022-05-10,1.1,1.113,1.078,1.113,72600.0,80803.8,3.25,-0.8,-0.01,0.0,0.0,0.0,0.0,512970.0,512970,2026/4/27 12:13:36
2022-05-11,1.098,1.145,1.098,1.121,42400.0,47530.4,4.28,0.72,0.01,0.0,0.0,0.0,0.0,512970.0,512970,2026/4/27 12:13:36
2022-05-12,1.121,1.127,1.113,1.122,11900.0,13351.8,1.26,0.09,0.0,0.0,0.0,0.0,0.0,512970.0,512970,2026/4/27 12:13:36
2022-05-13,1.136,1.138,1.12,1.132,14900.0,16866.8,1.61,0.89,0.01,0.0,0.0,0.0,0.0,512970.0,512970,2026/4/27 12:13:36
2022-05-16,1.131,1.14,1.114,1.129,13900.0,15693.1,2.33,-0.27,-0.0,0.0,0.0,0.0,0.0,512970.0,512970,2026/4/27 12:13:36
2022-05-17,1.128,1.14,1.128,1.14,9000.0,10260.0,1.06,0.97,0.01,0.0,0.0,0.0,0.0,512970.0,512970,2026/4/27 12:13:36
2022-05-18,1.148,1.148,1.13,1.144,9200.0,10524.8,1.59,0.35,0.0,0.0,0.0,0.0,0.0,512970.0,512970,2026/4/27 12:13:36
2022-05-19,1.138,1.146,1.137,1.144,28800.0,32947.2,0.79,0.0,0.0,0.0,0.0,0.0,0.0,512970.0,512970,2026/4/27 12:13:36
2022-05-20,1.149,1.163,1.144,1.163,103300.0,120137.9,1.66,1.66,0.02,0.0,0.0,0.0,0.0,512970.0,512970,2026/4/27 12:13:36
2022-05-23,1.166,1.217,1.139,1.193,243700.0,290734.1,6.85,2.58,0.03,0.0,0.0,0.0,0.0,512970.0,512970,2026/4/27 12:13:36
2022-05-24,1.167,1.213,1.137,1.137,183800.0,208980.6,6.68,-4.69,-0.06,0.0,0.0,0.0,0.0,512970.0,512970,2026/4/27 12:13:36
2022-05-25,1.126,1.15,1.125,1.14,97700.0,111378.0,2.22,0.26,0.0,0.0,0.0,0.0,0.0,512970.0,512970,2026/4/27 12:13:36
2022-05-26,1.115,1.163,1.115,1.148,24100.0,27666.8,4.3,0.7,0.01,0.0,0.0,0.0,0.0,512970.0,512970,2026/4/27 12:13:36
2022-05-27,1.148,1.149,1.134,1.135,41600.0,47216.0,1.32,-1.13,-0.01,0.0,0.0,0.0,0.0,512970.0,512970,2026/4/27 12:13:36
2022-05-30,1.135,1.138,1.132,1.136,60900.0,69182.4,0.53,0.09,0.0,0.0,0.0,0.0,0.0,512970.0,512970,2026/4/27 12:13:36
2022-05-31,1.147,1.166,1.142,1.166,86700.0,101092.2,2.1,2.64,0.03,0.0,0.0,0.0,0.0,512970.0,512970,2026/4/27 12:13:36
2022-06-01,1.166,1.178,1.161,1.168,574300.0,670782.4,1.46,0.17,0.0,0.0,0.0,0.0,0.0,512970.0,512970,2026/4/27 12:13:36
2022-06-02,1.168,1.185,1.162,1.185,14600.0,17301.0,1.98,1.46,0.02,0.0,0.0,0.0,0.0,512970.0,512970,2026/4/27 12:13:36
2022-06-06,1.195,1.206,1.195,1.198,47700.0,57144.6,0.92,1.1,0.01,0.0,0.0,0.0,0.0,512970.0,512970,2026/4/27 12:13:36
2022-06-07,1.314,1.314,1.195,1.206,281700.0,339730.2,9.96,0.67,0.01,0.0,0.0,0.0,0.0,512970.0,512970,2026/4/27 12:13:36
2022-06-08,1.201,1.213,1.195,1.213,510000.0,618630.0,1.51,0.58,0.01,0.0,0.0,0.0,0.0,512970.0,512970,2026/4/27 12:13:36
2022-06-09,1.214,1.219,1.2,1.2,272900.0,327480.0,1.58,-1.07,-0.01,0.0,0.0,0.0,0.0,512970.0,512970,2026/4/27 12:13:36
2022-06-10,1.229,1.229,1.198,1.218,111100.0,135319.8,2.59,1.5,0.02,0.0,0.0,0.0,0.0,512970.0,512970,2026/4/27 12:13:36
2022-06-13,1.214,1.214,1.206,1.207,174400.0,210500.8,0.66,-0.9,-0.01,0.0,0.0,0.0,0.0,512970.0,512970,2026/4/27 12:13:36
2022-06-14,1.259,1.259,1.19,1.217,479700.0,583794.9,5.8,0.83,0.01,0.0,0.0,0.0,0.0,512970.0,512970,2026/4/27 12:13:36
2022-06-15,1.217,1.257,1.217,1.25,287300.0,359125.0,3.29,2.71,0.03,0.0,0.0,0.0,0.0,512970.0,512970,2026/4/27 12:13:36
2022-06-16,1.249,1.249,1.233,1.239,242200.0,300085.8,1.3,-0.88,-0.01,0.0,0.0,0.0,0.0,512970.0,512970,2026/4/27 12:13:36
2022-06-17,1.239,1.253,1.235,1.253,192500.0,241202.5,1.46,1.13,0.01,0.0,0.0,0.0,0.0,512970.0,512970,2026/4/27 12:13:36
2022-06-20,1.253,1.299,1.253,1.265,232200.0,293733.0,3.67,0.96,0.01,0.0,0.0,0.0,0.0,512970.0,512970,2026/4/27 12:13:36
2022-06-21,1.26,1.272,1.241,1.244,311800.0,387879.2,2.5,-1.66,-0.02,0.0,0.0,0.0,0.0,512970.0,512970,2026/4/27 12:13:36
2022-06-22,1.241,1.257,1.241,1.245,152600.0,189987.0,1.29,0.08,0.0,0.0,0.0,0.0,0.0,512970.0,512970,2026/4/27 12:13:36
2022-06-23,1.229,1.265,1.229,1.265,161300.0,204044.5,2.93,1.61,0.02,0.0,0.0,0.0,0.0,512970.0,512970,2026/4/27 12:13:36
2022-06-24,1.27,1.286,1.27,1.285,192500.0,247362.5,1.26,1.58,0.02,0.0,0.0,0.0,0.0,512970.0,512970,2026/4/27 12:13:36
2022-06-27,1.323,1.323,1.287,1.32,142100.0,187572.0,2.8,2.72,0.04,0.0,0.0,0.0,0.0,512970.0,512970,2026/4/27 12:13:36
2022-06-28,1.271,1.32,1.271,1.304,302400.0,394329.6,3.86,-1.21,-0.02,0.0,0.0,0.0,0.0,512970.0,512970,2026/4/27 12:13:36
2022-06-29,1.297,1.299,1.278,1.278,236100.0,301735.8,1.64,-1.99,-0.03,0.0,0.0,0.0,0.0,512970.0,512970,2026/4/27 12:13:36
2022-06-30,1.291,1.299,1.285,1.292,157800.0,203877.6,1.09,1.1,0.01,0.0,0.0,0.0,0.0,512970.0,512970,2026/4/27 12:13:36
2022-07-01,1.292,1.292,1.27,1.28,46900.0,60032.0,1.73,-0.93,-0.01,0.0,0.0,0.0,0.0,512970.0,512970,2026/4/27 12:13:36
2022-07-04,1.265,1.32,1.265,1.293,43295162.0,55980644.47,4.35,1.02,0.01,0.0,0.0,0.0,0.0,512970.0,512970,2026/4/27 12:13:36
2022-07-05,1.3,1.308,1.276,1.286,43324303.0,55715053.66,2.51,-0.54,-0.01,0.0,0.0,0.0,0.0,512970.0,512970,2026/4/27 12:13:36
2022-07-06,1.28,1.29,1.265,1.272,42826356.0,54475124.83,1.98,-1.09,-0.01,0.0,0.0,0.0,0.0,512970.0,512970,2026/4/27 12:13:36
2022-07-07,1.273,1.298,1.266,1.282,60130951.0,77087879.18,2.53,0.79,0.01,0.0,0.0,0.0,0.0,512970.0,512970,2026/4/27 12:13:36
2022-07-08,1.292,1.292,1.282,1.282,247064.0,316736.05,0.78,0.0,0.0,0.0,0.0,0.0,0.0,512970.0,512970,2026/4/27 12:13:36
2022-07-11,1.26,1.27,1.249,1.261,59800.0,75407.8,1.68,-1.64,-0.02,0.0,0.0,0.0,0.0,512970.0,512970,2026/4/27 12:13:36
2022-07-12,1.251,1.253,1.235,1.235,37400.0,46189.0,1.46,-2.06,-0.03,0.0,0.0,0.0,0.0,512970.0,512970,2026/4/27 12:13:36
2022-07-13,1.242,1.242,1.228,1.236,193941.0,239711.08,1.14,0.08,0.0,0.0,0.0,0.0,0.0,512970.0,512970,2026/4/27 12:13:36
2022-07-14,1.236,1.249,1.216,1.245,22600.0,28137.0,2.71,0.73,0.01,0.0,0.0,0.0,0.0,512970.0,512970,2026/4/27 12:13:36
2022-07-15,1.298,1.298,1.238,1.238,29100.0,36025.8,4.85,-0.56,-0.01,0.0,0.0,0.0,0.0,512970.0,512970,2026/4/27 12:13:36
2022-07-18,1.234,1.251,1.226,1.245,59000.0,73455.0,2.04,0.57,0.01,0.0,0.0,0.0,0.0,512970.0,512970,2026/4/27 12:13:36
2022-07-19,1.248,1.248,1.227,1.235,100900.0,124611.5,1.71,-0.8,-0.01,0.0,0.0,0.0,0.0,512970.0,512970,2026/4/27 12:13:36
2022-07-20,1.242,1.244,1.236,1.237,52800.0,65313.6,0.65,0.16,0.0,0.0,0.0,0.0,0.0,512970.0,512970,2026/4/27 12:13:36
2022-07-21,1.24,1.24,1.231,1.231,62900.0,77429.9,0.73,-0.49,-0.01,0.0,0.0,0.0,0.0,512970.0,512970,2026/4/27 12:13:36
2022-07-22,1.23,1.235,1.215,1.219,6800.0,8289.2,1.65,-0.97,-0.01,0.0,0.0,0.0,0.0,512970.0,512970,2026/4/27 12:13:36
2022-07-25,1.218,1.219,1.158,1.219,13500.0,16456.5,5.27,0.0,0.0,0.0,0.0,0.0,0.0,512970.0,512970,2026/4/27 12:13:36
2022-07-26,1.219,1.237,1.219,1.223,11434.0,13983.78,1.48,0.33,0.0,0.0,0.0,0.0,0.0,512970.0,512970,2026/4/27 12:13:36
2022-07-27,1.225,1.228,1.212,1.222,19400.0,23706.8,1.32,-0.08,-0.0,0.0,0.0,0.0,0.0,512970.0,512970,2026/4/27 12:13:36
2022-07-28,1.227,1.235,1.227,1.227,42310.0,51914.37,0.65,0.41,0.01,0.0,0.0,0.0,0.0,512970.0,512970,2026/4/27 12:13:36
2022-07-29,1.22,1.22,1.22,1.22,1000.0,1220.0,0.0,-0.57,-0.01,0.0,0.0,0.0,0.0,512970.0,512970,2026/4/27 12:13:36
2022-08-01,1.224,1.231,1.224,1.23,22100.0,27183.0,0.57,0.82,0.01,0.0,0.0,0.0,0.0,512970.0,512970,2026/4/27 12:13:36
2022-08-02,1.221,1.221,1.172,1.206,280900.0,338765.4,4.18,-1.95,-0.02,0.0,0.0,0.0,0.0,512970.0,512970,2026/4/27 12:13:36
2022-08-03,1.19,1.218,1.179,1.189,78900.0,93812.1,3.31,-1.41,-0.02,0.0,0.0,0.0,0.0,512970.0,512970,2026/4/27 12:13:36
2022-08-04,1.176,1.198,1.176,1.192,93400.0,111332.8,1.87,0.25,0.0,0.0,0.0,0.0,0.0,512970.0,512970,2026/4/27 12:13:36
2022-08-05,1.205,1.217,1.205,1.217,97300.0,118414.1,1.0,2.1,0.03,0.0,0.0,0.0,0.0,512970.0,512970,2026/4/27 12:13:36
2022-08-08,1.208,1.21,1.208,1.21,17000.0,20570.0,0.17,-0.58,-0.01,0.0,0.0,0.0,0.0,512970.0,512970,2026/4/27 12:13:36
2022-08-09,1.21,1.212,1.207,1.212,21700.0,26300.4,0.41,0.17,0.0,0.0,0.0,0.0,0.0,512970.0,512970,2026/4/27 12:13:36
2022-08-10,1.209,1.267,1.186,1.237,36700.0,45397.9,6.83,2.06,0.03,0.0,0.0,0.0,0.0,512970.0,512970,2026/4/27 12:13:36
2022-08-11,1.222,1.294,1.129,1.257,1792900.0,2253675.3,14.61,1.62,0.02,0.0,0.0,0.0,0.0,512970.0,512970,2026/4/27 12:13:36
2022-08-12,1.229,1.229,1.205,1.219,718200.0,875485.8,1.99,-3.02,-0.04,0.0,0.0,0.0,0.0,512970.0,512970,2026/4/27 12:13:36
2022-08-15,1.217,1.229,1.217,1.219,346700.0,422627.3,0.99,0.0,0.0,0.0,0.0,0.0,0.0,512970.0,512970,2026/4/27 12:13:36
2022-08-16,1.205,1.226,1.205,1.221,183100.0,223565.1,1.74,0.16,0.0,0.0,0.0,0.0,0.0,512970.0,512970,2026/4/27 12:13:36
2022-08-17,1.228,1.238,1.215,1.231,116300.0,143165.3,1.89,0.82,0.01,0.0,0.0,0.0,0.0,512970.0,512970,2026/4/27 12:13:36
2022-08-18,1.233,1.235,1.217,1.229,400600.0,492337.4,1.48,-0.16,-0.0,0.0,0.0,0.0,0.0,512970.0,512970,2026/4/27 12:13:36
2022-08-19,1.226,1.226,1.214,1.216,53900.0,65542.4,0.99,-1.06,-0.01,0.0,0.0,0.0,0.0,512970.0,512970,2026/4/27 12:13:36
2022-08-22,1.215,1.23,1.215,1.23,118100.0,145263.0,1.23,1.15,0.01,0.0,0.0,0.0,0.0,512970.0,512970,2026/4/27 12:13:36
2022-08-23,1.222,1.227,1.222,1.227,36900.0,45276.3,0.41,-0.24,-0.0,0.0,0.0,0.0,0.0,512970.0,512970,2026/4/27 12:13:36
2022-08-24,1.216,1.218,1.192,1.192,25800.0,30753.6,2.18,-2.85,-0.04,0.0,0.0,0.0,0.0,512970.0,512970,2026/4/27 12:13:36
2022-08-25,1.192,1.193,1.181,1.193,77600.0,92576.8,1.02,0.08,0.0,0.0,0.0,0.0,0.0,512970.0,512970,2026/4/27 12:13:36
2022-08-26,1.208,1.208,1.2,1.202,89900.0,108059.8,0.67,0.75,0.01,0.0,0.0,0.0,0.0,512970.0,512970,2026/4/27 12:13:36
2022-08-29,1.19,1.198,1.183,1.19,23800.0,28322.0,1.27,-1.0,-0.01,0.0,0.0,0.0,0.0,512970.0,512970,2026/4/27 12:13:36
2022-08-30,1.191,1.194,1.156,1.19,30500.0,36295.0,3.29,0.0,0.0,0.0,0.0,0.0,0.0,512970.0,512970,2026/4/27 12:13:36
2022-08-31,1.187,1.191,1.179,1.184,46300.0,54819.2,1.02,-0.5,-0.01,0.0,0.0,0.0,0.0,512970.0,512970,2026/4/27 12:13:36
2022-09-01,1.189,1.189,1.173,1.174,27600.0,32402.4,1.36,-0.84,-0.01,0.0,0.0,0.0,0.0,512970.0,512970,2026/4/27 12:13:36
2022-09-02,1.177,1.179,1.169,1.169,21400.0,25016.6,0.86,-0.43,-0.0,0.0,0.0,0.0,0.0,512970.0,512970,2026/4/27 12:13:36
2022-09-05,1.168,1.177,1.168,1.177,6800.0,8003.6,0.77,0.68,0.01,0.0,0.0,0.0,0.0,512970.0,512970,2026/4/27 12:13:36
2022-09-06,1.182,1.182,1.18,1.18,2100.0,2478.0,0.17,0.25,0.0,0.0,0.0,0.0,0.0,512970.0,512970,2026/4/27 12:13:36
2022-09-07,1.18,1.186,1.18,1.186,16100.0,19094.6,0.51,0.51,0.01,0.0,0.0,0.0,0.0,512970.0,512970,2026/4/27 12:13:36
2022-09-08,1.16,1.19,1.128,1.18,60700.0,71626.0,5.5,-0.51,-0.01,0.0,0.0,0.0,0.0,512970.0,512970,2026/4/27 12:13:36
2022-09-09,1.18,1.191,1.155,1.19,140800.0,167552.0,3.12,0.85,0.01,0.0,0.0,0.0,0.0,512970.0,512970,2026/4/27 12:13:36
2022-09-13,1.193,1.21,1.193,1.198,15800.0,18928.4,1.42,0.67,0.01,0.0,0.0,0.0,0.0,512970.0,512970,2026/4/27 12:13:36
2022-09-14,1.19,1.19,1.181,1.181,29800.0,35193.8,0.76,-1.42,-0.02,0.0,0.0,0.0,0.0,512970.0,512970,2026/4/27 12:13:36
2022-09-15,1.17,1.214,1.165,1.189,146000.0,173594.0,4.21,0.68,0.01,0.0,0.0,0.0,0.0,512970.0,512970,2026/4/27 12:13:36
2022-09-16,1.165,1.175,1.157,1.158,78700.0,91134.6,1.56,-2.61,-0.03,0.0,0.0,0.0,0.0,512970.0,512970,2026/4/27 12:13:36
2022-09-19,1.152,1.152,1.138,1.139,42400.0,48293.6,1.23,-1.64,-0.02,0.0,0.0,0.0,0.0,512970.0,512970,2026/4/27 12:13:36
2022-09-20,1.14,1.16,1.137,1.137,52500.0,59692.5,2.02,-0.18,-0.0,0.0,0.0,0.0,0.0,512970.0,512970,2026/4/27 12:13:36
2022-09-21,1.132,1.132,1.132,1.132,10200.0,11546.4,0.0,-0.44,-0.01,0.0,0.0,0.0,0.0,512970.0,512970,2026/4/27 12:13:36
2022-09-22,1.132,1.132,1.126,1.126,26300.0,29613.8,0.53,-0.53,-0.01,0.0,0.0,0.0,0.0,512970.0,512970,2026/4/27 12:13:36
2022-09-23,1.121,1.121,1.107,1.11,40200.0,44622.0,1.26,-1.42,-0.02,0.0,0.0,0.0,0.0,512970.0,512970,2026/4/27 12:13:36
2022-09-26,1.097,1.136,1.097,1.136,2600.0,2953.6,3.56,2.34,0.03,0.0,0.0,0.0,0.0,512970.0,512970,2026/4/27 12:13:36
2022-09-27,1.117,1.14,1.117,1.14,5600.0,6384.0,2.06,0.35,0.0,0.0,0.0,0.0,0.0,512970.0,512970,2026/4/27 12:13:36
2022-09-28,1.114,1.141,1.11,1.141,5600.0,6389.6,2.79,0.09,0.0,0.0,0.0,0.0,0.0,512970.0,512970,2026/4/27 12:13:36
2022-09-29,1.141,1.175,1.102,1.161,127100.0,147563.1,6.62,1.75,0.02,0.0,0.0,0.0,0.0,512970.0,512970,2026/4/27 12:13:36
2022-09-30,1.116,1.138,1.098,1.138,195300.0,222251.4,3.64,-1.98,-0.02,0.0,0.0,0.0,0.0,512970.0,512970,2026/4/27 12:13:36
2022-10-10,1.115,1.136,1.073,1.115,76800.0,85632.0,5.87,-2.02,-0.02,0.0,0.0,0.0,0.0,512970.0,512970,2026/4/27 12:13:36
2022-10-11,1.075,1.113,1.075,1.076,28100.0,30235.6,3.53,-3.5,-0.04,0.0,0.0,0.0,0.0,512970.0,512970,2026/4/27 12:13:36
2022-10-12,1.073,1.113,1.061,1.113,73100.0,81360.3,4.9,3.44,0.04,0.0,0.0,0.0,0.0,512970.0,512970,2026/4/27 12:13:36
2022-10-13,1.097,1.112,1.095,1.097,9900.0,10860.3,1.55,-1.44,-0.02,0.0,0.0,0.0,0.0,512970.0,512970,2026/4/27 12:13:36
2022-10-14,1.113,1.13,1.108,1.128,85200.0,96105.6,1.99,2.83,0.03,0.0,0.0,0.0,0.0,512970.0,512970,2026/4/27 12:13:36
2022-10-17,1.128,1.136,1.128,1.135,8200.0,9307.0,0.71,0.62,0.01,0.0,0.0,0.0,0.0,512970.0,512970,2026/4/27 12:13:36
2022-10-18,1.142,1.142,1.119,1.142,15600.0,17815.2,2.06,0.62,0.01,0.0,0.0,0.0,0.0,512970.0,512970,2026/4/27 12:13:36
2022-10-19,1.133,1.141,1.113,1.141,26400.0,30122.4,2.52,-0.09,-0.0,0.0,0.0,0.0,0.0,512970.0,512970,2026/4/27 12:13:36
2022-10-20,1.12,1.146,1.113,1.146,24800.0,28420.8,2.96,0.44,0.0,0.0,0.0,0.0,0.0,512970.0,512970,2026/4/27 12:13:36
2022-10-21,1.12,1.13,1.119,1.126,19600.0,22069.6,0.98,-1.75,-0.02,0.0,0.0,0.0,0.0,512970.0,512970,2026/4/27 12:13:36
2022-10-24,1.144,1.144,1.093,1.099,36900.0,40553.1,4.67,-2.4,-0.03,0.0,0.0,0.0,0.0,512970.0,512970,2026/4/27 12:13:36
2022-10-25,1.13,1.145,1.079,1.095,47900.0,52450.5,6.12,-0.36,-0.0,0.0,0.0,0.0,0.0,512970.0,512970,2026/4/27 12:13:36
2022-10-26,1.098,1.109,1.093,1.093,31700.0,34648.1,1.46,-0.18,-0.0,0.0,0.0,0.0,0.0,512970.0,512970,2026/4/27 12:13:36
2022-10-27,1.098,1.13,1.077,1.102,48500.0,53447.0,4.92,0.82,0.01,0.0,0.0,0.0,0.0,512970.0,512970,2026/4/27 12:13:36
2022-10-28,1.099,1.127,1.062,1.062,113400.0,120430.8,6.12,-3.63,-0.04,0.0,0.0,0.0,0.0,512970.0,512970,2026/4/27 12:13:36
2022-10-31,1.054,1.059,1.054,1.059,25200.0,26686.8,0.47,-0.28,-0.0,0.0,0.0,0.0,0.0,512970.0,512970,2026/4/27 12:13:36
2022-11-01,1.059,1.083,1.056,1.083,33300.0,36063.9,2.56,2.27,0.02,0.0,0.0,0.0,0.0,512970.0,512970,2026/4/27 12:13:36
2022-11-02,1.088,1.115,1.088,1.094,192100.0,210157.4,2.48,1.02,0.01,0.0,0.0,0.0,0.0,512970.0,512970,2026/4/27 12:13:36
2022-11-03,1.105,1.105,1.056,1.091,25500.0,27820.5,4.64,-0.27,-0.0,0.0,0.0,0.0,0.0,512970.0,512970,2026/4/27 12:13:36
2022-11-04,1.1,1.132,1.1,1.112,172600.0,191931.2,2.91,1.92,0.02,0.0,0.0,0.0,0.0,512970.0,512970,2026/4/27 12:13:36
2022-11-07,1.131,1.138,1.125,1.13,89400.0,101022.0,1.16,1.62,0.02,0.0,0.0,0.0,0.0,512970.0,512970,2026/4/27 12:13:36
2022-11-08,1.096,1.133,1.096,1.125,6100.0,6862.5,3.38,-0.44,-0.0,0.0,0.0,0.0,0.0,512970.0,512970,2026/4/27 12:13:36
2022-11-09,1.125,1.129,1.123,1.127,7100.0,8001.7,0.53,0.18,0.0,0.0,0.0,0.0,0.0,512970.0,512970,2026/4/27 12:13:36
2022-11-10,1.113,1.133,1.105,1.133,25900.0,29344.7,2.53,0.53,0.01,0.0,0.0,0.0,0.0,512970.0,512970,2026/4/27 12:13:36
2022-11-11,1.14,1.149,1.132,1.142,90400.0,103236.8,1.5,0.79,0.01,0.0,0.0,0.0,0.0,512970.0,512970,2026/4/27 12:13:36
2022-11-14,1.146,1.156,1.143,1.146,63400.0,72656.4,1.14,0.35,0.0,0.0,0.0,0.0,0.0,512970.0,512970,2026/4/27 12:13:36
2022-11-15,1.144,1.17,1.14,1.14,76300.0,86982.0,2.63,-0.52,-0.01,0.0,0.0,0.0,0.0,512970.0,512970,2026/4/27 12:13:36
2022-11-16,1.163,1.176,1.159,1.166,133100.0,155194.6,1.47,2.28,0.03,0.0,0.0,0.0,0.0,512970.0,512970,2026/4/27 12:13:36
2022-11-17,1.166,1.166,1.137,1.146,99600.0,114141.6,2.55,-1.72,-0.02,0.0,0.0,0.0,0.0,512970.0,512970,2026/4/27 12:13:36
2022-11-18,1.16,1.186,1.14,1.14,54500.0,62130.0,4.04,-0.52,-0.01,0.0,0.0,0.0,0.0,512970.0,512970,2026/4/27 12:13:36
2022-11-21,1.126,1.178,1.126,1.178,69700.0,82106.6,4.62,3.33,0.04,0.0,0.0,0.0,0.0,512970.0,512970,2026/4/27 12:13:36
2022-11-22,1.175,1.175,1.115,1.171,33200.0,38877.2,5.38,-0.59,-0.01,0.0,0.0,0.0,0.0,512970.0,512970,2026/4/27 12:13:36
2022-11-23,1.16,1.163,1.133,1.163,169500.0,197128.5,2.65,-0.68,-0.01,0.0,0.0,0.0,0.0,512970.0,512970,2026/4/27 12:13:36
2022-11-24,1.143,1.15,1.132,1.142,28700.0,32775.4,1.59,-1.81,-0.02,0.0,0.0,0.0,0.0,512970.0,512970,2026/4/27 12:13:36
2022-11-25,1.138,1.14,1.127,1.129,114200.0,128931.8,1.15,-1.14,-0.01,0.0,0.0,0.0,0.0,512970.0,512970,2026/4/27 12:13:36
2022-11-28,1.117,1.121,1.11,1.121,56900.0,63784.9,0.99,-0.71,-0.01,0.0,0.0,0.0,0.0,512970.0,512970,2026/4/27 12:13:36
2022-11-29,1.123,1.155,1.123,1.152,106300.0,122457.6,2.85,2.77,0.03,0.0,0.0,0.0,0.0,512970.0,512970,2026/4/27 12:13:36
2022-11-30,1.152,1.154,1.144,1.154,23400.0,27003.6,0.87,0.17,0.0,0.0,0.0,0.0,0.0,512970.0,512970,2026/4/27 12:13:36
2022-12-01,1.162,1.186,1.162,1.18,118100.0,139358.0,2.07,2.25,0.03,0.0,0.0,0.0,0.0,512970.0,512970,2026/4/27 12:13:36
2022-12-02,1.191,1.191,1.152,1.161,74400.0,86378.4,3.39,-1.61,-0.02,0.0,0.0,0.0,0.0,512970.0,512970,2026/4/27 12:13:36
2022-12-05,1.175,1.179,1.172,1.179,81200.0,95734.8,0.6,1.55,0.02,0.0,0.0,0.0,0.0,512970.0,512970,2026/4/27 12:13:36
2022-12-06,1.179,1.195,1.179,1.195,63600.0,76002.0,1.36,1.36,0.02,0.0,0.0,0.0,0.0,512970.0,512970,2026/4/27 12:13:36
2022-12-07,1.195,1.209,1.179,1.202,161100.0,193642.2,2.54,0.59,0.01,0.0,0.0,0.0,0.0,512970.0,512970,2026/4/27 12:13:36
2022-12-08,1.202,1.202,1.18,1.193,10500.0,12526.5,1.86,-0.75,-0.01,0.0,0.0,0.0,0.0,512970.0,512970,2026/4/27 12:13:36
2022-12-09,1.182,1.203,1.182,1.198,55000.0,65890.0,1.78,0.42,0.0,0.0,0.0,0.0,0.0,512970.0,512970,2026/4/27 12:13:36
2022-12-12,1.151,1.206,1.151,1.189,50600.0,60163.4,4.78,-0.75,-0.01,0.0,0.0,0.0,0.0,512970.0,512970,2026/4/27 12:13:36
2022-12-13,1.183,1.193,1.183,1.192,112400.0,133980.8,0.85,0.25,0.0,0.0,0.0,0.0,0.0,512970.0,512970,2026/4/27 12:13:36
2022-12-15,1.147,1.243,1.147,1.179,85700.0,101040.3,8.37,-1.09,-0.01,0.0,0.0,0.0,0.0,512970.0,512970,2026/4/27 12:13:36
2022-12-16,1.17,1.189,1.17,1.181,49934000.0,58972054.0,1.62,0.17,0.0,0.0,0.0,0.0,0.0,512970.0,512970,2026/4/27 12:13:36
2022-12-19,1.189,1.249,1.18,1.18,1116100.0,1316998.0,5.85,-0.08,-0.0,0.0,0.0,0.0,0.0,512970.0,512970,2026/4/27 12:13:36
2022-12-20,1.163,1.183,1.155,1.18,72400.0,85432.0,2.42,0.0,0.0,0.0,0.0,0.0,0.0,512970.0,512970,2026/4/27 12:13:36
2022-12-21,1.18,1.2,1.151,1.183,109200.0,129183.6,4.26,0.25,0.0,0.0,0.0,0.0,0.0,512970.0,512970,2026/4/27 12:13:36
2022-12-22,1.183,1.183,1.14,1.174,63480.0,74525.52,3.77,-0.76,-0.01,0.0,0.0,0.0,0.0,512970.0,512970,2026/4/27 12:13:36
2022-12-23,1.144,1.168,1.144,1.164,53100.0,61808.4,2.1,-0.85,-0.01,0.0,0.0,0.0,0.0,512970.0,512970,2026/4/27 12:13:36
2022-12-26,1.18,1.18,1.15,1.179,89500.0,105520.5,2.61,1.29,0.02,0.0,0.0,0.0,0.0,512970.0,512970,2026/4/27 12:13:36
2022-12-27,1.18,1.18,1.164,1.18,1300.0,1534.0,1.37,0.08,0.0,0.0,0.0,0.0,0.0,512970.0,512970,2026/4/27 12:13:36
2022-12-28,1.16,1.194,1.157,1.194,24000.0,28656.0,3.2,1.19,0.01,0.0,0.0,0.0,0.0,512970.0,512970,2026/4/27 12:13:36
2022-12-29,1.192,1.192,1.151,1.165,516000.0,601140.0,3.56,-2.43,-0.03,0.0,0.0,0.0,0.0,512970.0,512970,2026/4/27 12:13:36
2022-12-30,1.166,1.17,1.159,1.159,435900.0,505208.1,0.95,-0.52,-0.01,0.0,0.0,0.0,0.0,512970.0,512970,2026/4/27 12:13:36
2023-01-03,1.15,1.19,1.15,1.167,77600.0,90559.2,3.48,0.69,0.01,0.0,0.0,0.0,0.0,512970.0,512970,2026/4/27 12:13:36
2023-01-04,1.167,1.181,1.164,1.168,64500.0,75336.0,1.46,0.09,0.0,0.0,0.0,0.0,0.0,512970.0,512970,2026/4/27 12:13:36
2023-01-05,1.17,1.197,1.17,1.188,278900.0,331333.2,2.31,1.71,0.02,0.0,0.0,0.0,0.0,512970.0,512970,2026/4/27 12:13:36
2023-01-06,1.173,1.198,1.173,1.198,193400.0,231693.2,2.13,0.84,0.01,0.0,0.0,0.0,0.0,512970.0,512970,2026/4/27 12:13:36
2023-01-09,1.198,1.202,1.196,1.202,177600.0,213475.2,0.5,0.33,0.0,0.0,0.0,0.0,0.0,512970.0,512970,2026/4/27 12:13:36
2023-01-10,1.214,1.214,1.181,1.202,37700.0,45315.4,2.79,0.0,0.0,0.0,0.0,0.0,0.0,512970.0,512970,2026/4/27 12:13:36
2023-01-11,1.187,1.202,1.187,1.195,50800.0,60706.0,1.26,-0.58,-0.01,0.0,0.0,0.0,0.0,512970.0,512970,2026/4/27 12:13:36
2023-01-12,1.202,1.202,1.202,1.202,78800.0,94717.6,0.0,0.59,0.01,0.0,0.0,0.0,0.0,512970.0,512970,2026/4/27 12:13:36
2023-01-13,1.202,1.209,1.202,1.209,392017.0,473948.55,0.58,0.58,0.01,0.0,0.0,0.0,0.0,512970.0,512970,2026/4/27 12:13:36
2023-01-16,1.21,1.232,1.21,1.23,182300.0,224229.0,1.82,1.74,0.02,0.0,0.0,0.0,0.0,512970.0,512970,2026/4/27 12:13:36
2023-01-17,1.23,1.23,1.224,1.225,74500.0,91262.5,0.49,-0.41,-0.0,0.0,0.0,0.0,0.0,512970.0,512970,2026/4/27 12:13:36
2023-01-18,1.215,1.227,1.215,1.219,57800.0,70458.2,0.99,-0.49,-0.01,0.0,0.0,0.0,0.0,512970.0,512970,2026/4/27 12:13:36
2023-01-19,1.218,1.228,1.218,1.222,151500.0,185133.0,0.82,0.25,0.0,0.0,0.0,0.0,0.0,512970.0,512970,2026/4/27 12:13:36
2023-01-20,1.235,1.235,1.23,1.235,157100.0,194018.5,0.41,1.06,0.01,0.0,0.0,0.0,0.0,512970.0,512970,2026/4/27 12:13:36
2023-01-30,1.235,1.296,1.235,1.25,241100.0,301375.0,4.94,1.21,0.01,0.0,0.0,0.0,0.0,512970.0,512970,2026/4/27 12:13:36
2023-01-31,1.233,1.248,1.233,1.24,100000.0,124000.0,1.22,-0.8,-0.01,0.0,0.0,0.0,0.0,512970.0,512970,2026/4/27 12:13:36
2023-02-01,1.26,1.26,1.232,1.254,90200.0,113110.8,2.27,1.13,0.01,0.0,0.0,0.0,0.0,512970.0,512970,2026/4/27 12:13:36
2023-02-02,1.245,1.253,1.245,1.25,210600.0,263250.0,0.64,-0.32,-0.0,0.0,0.0,0.0,0.0,512970.0,512970,2026/4/27 12:13:36
2023-02-03,1.251,1.251,1.224,1.241,275900.0,342391.9,2.21,-0.72,-0.01,0.0,0.0,0.0,0.0,512970.0,512970,2026/4/27 12:13:36
2023-02-06,1.24,1.24,1.21,1.212,159000.0,192708.0,2.48,-2.34,-0.03,0.0,0.0,0.0,0.0,512970.0,512970,2026/4/27 12:13:36
2023-02-07,1.22,1.22,1.215,1.218,13100.0,15955.8,0.41,0.5,0.01,0.0,0.0,0.0,0.0,512970.0,512970,2026/4/27 12:13:36
2023-02-08,1.222,1.222,1.21,1.21,11600.0,14036.0,0.99,-0.66,-0.01,0.0,0.0,0.0,0.0,512970.0,512970,2026/4/27 12:13:36
2023-02-09,1.222,1.305,1.216,1.23,212000.0,260760.0,7.32,1.65,0.02,0.0,0.0,0.0,0.0,512970.0,512970,2026/4/27 12:13:36
2023-02-10,1.23,1.23,1.223,1.227,68100.0,83558.7,0.57,-0.24,-0.0,0.0,0.0,0.0,0.0,512970.0,512970,2026/4/27 12:13:36
2023-02-13,1.224,1.225,1.218,1.225,261900.0,320827.5,0.57,-0.16,-0.0,0.0,0.0,0.0,0.0,512970.0,512970,2026/4/27 12:13:36
2023-02-14,1.227,1.23,1.222,1.23,344600.0,423858.0,0.65,0.41,0.0,0.0,0.0,0.0,0.0,512970.0,512970,2026/4/27 12:13:36
2023-02-15,1.226,1.229,1.225,1.229,31700.0,38959.3,0.33,-0.08,-0.0,0.0,0.0,0.0,0.0,512970.0,512970,2026/4/27 12:13:36
2023-02-16,1.234,1.239,1.205,1.206,477300.0,575623.8,2.82,-1.87,-0.02,0.0,0.0,0.0,0.0,512970.0,512970,2026/4/27 12:13:36
2023-02-17,1.211,1.216,1.2,1.2,397700.0,477240.0,1.33,-0.5,-0.01,0.0,0.0,0.0,0.0,512970.0,512970,2026/4/27 12:13:36
2023-02-20,1.2,1.248,1.199,1.247,609000.0,759423.0,4.09,3.92,0.05,0.0,0.0,0.0,0.0,512970.0,512970,2026/4/27 12:13:36
2023-02-21,1.246,1.246,1.217,1.222,662100.0,809086.2,2.38,-2.0,-0.03,0.0,0.0,0.0,0.0,512970.0,512970,2026/4/27 12:13:36
2023-02-22,1.21,1.222,1.198,1.214,122000.0,148108.0,2.0,-0.65,-0.01,0.0,0.0,0.0,0.0,512970.0,512970,2026/4/27 12:13:36
2023-02-23,1.215,1.223,1.204,1.207,390500.0,471333.5,1.58,-0.58,-0.01,0.0,0.0,0.0,0.0,512970.0,512970,2026/4/27 12:13:36
2023-02-24,1.21,1.21,1.201,1.206,44600.0,53787.6,0.75,-0.08,-0.0,0.0,0.0,0.0,0.0,512970.0,512970,2026/4/27 12:13:36
2023-02-27,1.206,1.212,1.191,1.192,128200.0,152814.4,1.76,-1.16,-0.01,0.0,0.0,0.0,0.0,512970.0,512970,2026/4/27 12:13:36
2023-02-28,1.166,1.205,1.166,1.199,27800.0,33332.2,3.34,0.59,0.01,0.0,0.0,0.0,0.0,512970.0,512970,2026/4/27 12:13:36
2023-03-01,1.191,1.217,1.191,1.217,540700.0,658031.9,2.18,1.5,0.02,0.0,0.0,0.0,0.0,512970.0,512970,2026/4/27 12:13:36
2023-03-02,1.218,1.218,1.206,1.213,571500.0,693229.5,1.0,-0.33,-0.0,0.0,0.0,0.0,0.0,512970.0,512970,2026/4/27 12:13:36
2023-03-03,1.205,1.207,1.202,1.207,8200.0,9897.4,0.42,-0.49,-0.01,0.0,0.0,0.0,0.0,512970.0,512970,2026/4/27 12:13:36
2023-03-06,1.207,1.207,1.194,1.203,53600.0,64480.8,1.09,-0.33,-0.0,0.0,0.0,0.0,0.0,512970.0,512970,2026/4/27 12:13:36
2023-03-07,1.192,1.201,1.175,1.181,85200.0,100621.2,2.21,-1.83,-0.02,0.0,0.0,0.0,0.0,512970.0,512970,2026/4/27 12:13:36
2023-03-08,1.179,1.179,1.167,1.168,70400.0,82227.2,1.03,-1.1,-0.01,0.0,0.0,0.0,0.0,512970.0,512970,2026/4/27 12:13:36
2023-03-09,1.169,1.181,1.169,1.179,23700.0,27942.3,1.03,0.94,0.01,0.0,0.0,0.0,0.0,512970.0,512970,2026/4/27 12:13:36
2023-03-10,1.181,1.218,1.16,1.218,40100.0,48841.8,5.0,3.31,0.04,0.0,0.0,0.0,0.0,512970.0,512970,2026/4/27 12:13:36
2023-03-13,1.216,1.216,1.162,1.17,1424500.0,1666665.0,4.65,-3.94,-0.05,0.0,0.0,0.0,0.0,512970.0,512970,2026/4/27 12:13:36
2023-03-14,1.163,1.163,1.14,1.153,201000.0,231753.0,2.02,-1.45,-0.02,0.0,0.0,0.0,0.0,512970.0,512970,2026/4/27 12:13:36
2023-03-15,1.154,1.164,1.145,1.157,77500.0,89667.5,1.66,0.35,0.0,0.0,0.0,0.0,0.0,512970.0,512970,2026/4/27 12:13:36
2023-03-16,1.157,1.163,1.141,1.163,192000.0,223296.0,1.93,0.52,0.01,0.0,0.0,0.0,0.0,512970.0,512970,2026/4/27 12:13:36
2023-03-17,1.163,1.163,1.142,1.142,303600.0,346711.2,1.84,-1.81,-0.02,0.0,0.0,0.0,0.0,512970.0,512970,2026/4/27 12:13:36
2023-03-20,1.155,1.155,1.137,1.137,29500.0,33541.5,1.58,-0.44,-0.0,0.0,0.0,0.0,0.0,512970.0,512970,2026/4/27 12:13:36
2023-03-21,1.14,1.15,1.138,1.147,56600.0,64920.2,1.05,0.88,0.01,0.0,0.0,0.0,0.0,512970.0,512970,2026/4/27 12:13:36
2023-03-22,1.155,1.166,1.155,1.166,282200.0,329045.2,0.95,1.66,0.02,0.0,0.0,0.0,0.0,512970.0,512970,2026/4/27 12:13:36
2023-03-23,1.162,1.176,1.162,1.174,285500.0,335177.0,1.2,0.69,0.01,0.0,0.0,0.0,0.0,512970.0,512970,2026/4/27 12:13:36
2023-03-24,1.176,1.176,1.171,1.175,84300.0,99052.5,0.43,0.09,0.0,0.0,0.0,0.0,0.0,512970.0,512970,2026/4/27 12:13:36
2023-03-27,1.175,1.18,1.16,1.175,102700.0,120672.5,1.72,0.0,0.0,0.0,0.0,0.0,0.0,512970.0,512970,2026/4/27 12:13:36
2023-03-28,1.175,1.175,1.163,1.169,47700.0,55761.3,1.03,-0.51,-0.01,0.0,0.0,0.0,0.0,512970.0,512970,2026/4/27 12:13:36
2023-03-29,1.169,1.169,1.16,1.169,196900.0,230176.1,0.78,0.0,0.0,0.0,0.0,0.0,0.0,512970.0,512970,2026/4/27 12:13:36
2023-03-30,1.178,1.178,1.159,1.17,90400.0,105768.0,1.64,0.09,0.0,0.0,0.0,0.0,0.0,512970.0,512970,2026/4/27 12:13:36
2023-03-31,1.17,1.178,1.17,1.171,97800.0,114523.8,0.68,0.09,0.0,0.0,0.0,0.0,0.0,512970.0,512970,2026/4/27 12:13:36
2023-04-03,1.171,1.179,1.169,1.179,80800.0,95263.2,0.86,0.68,0.01,0.0,0.0,0.0,0.0,512970.0,512970,2026/4/27 12:13:36
2023-04-04,1.172,1.179,1.17,1.174,111600.0,131018.4,0.77,-0.42,-0.01,0.0,0.0,0.0,0.0,512970.0,512970,2026/4/27 12:13:36
2023-04-06,1.168,1.19,1.168,1.189,221400.0,263244.6,1.88,1.28,0.02,0.0,0.0,0.0,0.0,512970.0,512970,2026/4/27 12:13:36
2023-04-07,1.176,1.198,1.176,1.193,56900.0,67881.7,1.87,0.34,0.0,0.0,0.0,0.0,0.0,512970.0,512970,2026/4/27 12:13:36
2023-04-10,1.202,1.202,1.193,1.195,31100.0,37164.5,0.75,0.17,0.0,0.0,0.0,0.0,0.0,512970.0,512970,2026/4/27 12:13:36
2023-04-11,1.177,1.238,1.177,1.191,27600.0,32871.6,5.18,-0.33,-0.0,0.0,0.0,0.0,0.0,512970.0,512970,2026/4/27 12:13:36
2023-04-12,1.191,1.194,1.191,1.191,40800.0,48592.8,0.25,0.0,0.0,0.0,0.0,0.0,0.0,512970.0,512970,2026/4/27 12:13:36
2023-04-13,1.18,1.183,1.174,1.179,31700.0,37374.3,0.77,-1.01,-0.01,0.0,0.0,0.0,0.0,512970.0,512970,2026/4/27 12:13:36
2023-04-14,1.191,1.191,1.177,1.183,318200.0,376430.6,1.19,0.34,0.0,0.0,0.0,0.0,0.0,512970.0,512970,2026/4/27 12:13:36
2023-04-17,1.199,1.209,1.176,1.186,140300.0,166395.8,2.81,0.25,0.0,0.0,0.0,0.0,0.0,512970.0,512970,2026/4/27 12:13:36
2023-04-18,1.18,1.195,1.18,1.188,206600.0,245440.8,1.27,0.17,0.0,0.0,0.0,0.0,0.0,512970.0,512970,2026/4/27 12:13:36
2023-04-19,1.176,1.188,1.176,1.176,55500.0,65268.0,1.02,-1.01,-0.01,0.0,0.0,0.0,0.0,512970.0,512970,2026/4/27 12:13:36
2023-04-20,1.176,1.183,1.173,1.178,10400.0,12251.2,0.85,0.17,0.0,0.0,0.0,0.0,0.0,512970.0,512970,2026/4/27 12:13:36
2023-04-21,1.175,1.178,1.143,1.156,193600.0,223801.6,3.06,-1.87,-0.02,0.0,0.0,0.0,0.0,512970.0,512970,2026/4/27 12:13:36
2023-04-24,1.156,1.164,1.136,1.142,48400.0,55272.8,2.46,-1.21,-0.01,0.0,0.0,0.0,0.0,512970.0,512970,2026/4/27 12:13:36
2023-04-25,1.129,1.143,1.119,1.128,193800.0,218606.4,2.14,-1.23,-0.01,0.0,0.0,0.0,0.0,512970.0,512970,2026/4/27 12:13:36
2023-04-26,1.138,1.138,1.121,1.128,13800.0,15566.4,1.52,0.0,0.0,0.0,0.0,0.0,0.0,512970.0,512970,2026/4/27 12:13:36
2023-04-27,1.112,1.138,1.112,1.138,64500.0,73401.0,2.34,0.89,0.01,0.0,0.0,0.0,0.0,512970.0,512970,2026/4/27 12:13:36
2023-04-28,1.149,1.149,1.143,1.143,9900.0,11315.7,0.52,0.44,0.01,0.0,0.0,0.0,0.0,512970.0,512970,2026/4/27 12:13:36
2023-05-04,1.143,1.145,1.138,1.138,13300.0,15135.4,0.62,-0.44,-0.01,0.0,0.0,0.0,0.0,512970.0,512970,2026/4/27 12:13:36
2023-05-05,1.138,1.138,1.122,1.137,71900.0,81750.3,1.43,-0.09,-0.0,0.0,0.0,0.0,0.0,512970.0,512970,2026/4/27 12:13:36
2023-05-08,1.133,1.15,1.132,1.145,43000.0,49235.0,1.59,0.7,0.01,0.0,0.0,0.0,0.0,512970.0,512970,2026/4/27 12:13:36
2023-05-09,1.141,1.142,1.129,1.129,28800.0,32515.2,1.15,-1.4,-0.02,0.0,0.0,0.0,0.0,512970.0,512970,2026/4/27 12:13:36
2023-05-10,1.122,1.133,1.122,1.132,8100.0,9169.2,0.98,0.27,0.0,0.0,0.0,0.0,0.0,512970.0,512970,2026/4/27 12:13:36
2023-05-11,1.132,1.14,1.129,1.129,55800.0,62998.2,0.97,-0.27,-0.0,0.0,0.0,0.0,0.0,512970.0,512970,2026/4/27 12:13:36
2023-05-12,1.115,1.151,1.115,1.127,18500.0,20849.5,3.23,-0.18,-0.0,0.0,0.0,0.0,0.0,512970.0,512970,2026/4/27 12:13:36
2023-05-15,1.127,1.14,1.12,1.14,73000.0,83220.0,1.79,1.15,0.01,0.0,0.0,0.0,0.0,512970.0,512970,2026/4/27 12:13:36
2023-05-16,1.139,1.149,1.133,1.149,66300.0,76178.7,1.41,0.79,0.01,0.0,0.0,0.0,0.0,512970.0,512970,2026/4/27 12:13:36
2023-05-17,1.155,1.155,1.13,1.133,52900.0,59935.7,2.21,-1.39,-0.02,0.0,0.0,0.0,0.0,512970.0,512970,2026/4/27 12:13:36
2023-05-18,1.134,1.136,1.127,1.127,52300.0,58942.1,0.8,-0.53,-0.01,0.0,0.0,0.0,0.0,512970.0,512970,2026/4/27 12:13:36
2023-05-19,1.133,1.139,1.133,1.139,36600.0,41687.4,0.53,1.06,0.01,0.0,0.0,0.0,0.0,512970.0,512970,2026/4/27 12:13:36
2023-05-22,1.14,1.14,1.135,1.136,34100.0,38737.6,0.44,-0.26,-0.0,0.0,0.0,0.0,0.0,512970.0,512970,2026/4/27 12:13:36
2023-05-23,1.136,1.139,1.105,1.13,32200.0,36386.0,3.08,-0.53,-0.01,0.0,0.0,0.0,0.0,512970.0,512970,2026/4/27 12:13:36
2023-05-24,1.123,1.123,1.114,1.119,56100.0,62775.9,0.81,-0.97,-0.01,0.0,0.0,0.0,0.0,512970.0,512970,2026/4/27 12:13:36
2023-05-25,1.105,1.123,1.105,1.114,9800.0,10917.2,1.63,-0.45,-0.0,0.0,0.0,0.0,0.0,512970.0,512970,2026/4/27 12:13:36
2023-05-26,1.1,1.166,1.1,1.117,47600.0,53169.2,6.0,0.27,0.0,0.0,0.0,0.0,0.0,512970.0,512970,2026/4/27 12:13:36
2023-05-29,1.101,1.116,1.101,1.116,34100.0,38055.6,1.36,-0.09,-0.0,0.0,0.0,0.0,0.0,512970.0,512970,2026/4/27 12:13:36
2023-05-30,1.108,1.116,1.099,1.116,7300.0,8146.8,1.55,0.0,0.0,0.0,0.0,0.0,0.0,512970.0,512970,2026/4/27 12:13:36
2023-05-31,1.116,1.116,1.106,1.111,9100.0,10110.1,0.9,-0.45,-0.01,0.0,0.0,0.0,0.0,512970.0,512970,2026/4/27 12:13:36
2023-06-01,1.11,1.118,1.11,1.111,22100.0,24553.1,0.72,0.0,0.0,0.0,0.0,0.0,0.0,512970.0,512970,2026/4/27 12:13:36
2023-06-02,1.116,1.132,1.116,1.132,103600.0,117275.2,1.43,1.89,0.02,0.0,0.0,0.0,0.0,512970.0,512970,2026/4/27 12:13:36
2023-06-05,1.132,1.132,1.126,1.13,29600.0,33448.0,0.53,-0.18,-0.0,0.0,0.0,0.0,0.0,512970.0,512970,2026/4/27 12:13:36
2023-06-06,1.124,1.124,1.122,1.122,27700.0,31079.4,0.18,-0.71,-0.01,0.0,0.0,0.0,0.0,512970.0,512970,2026/4/27 12:13:36
2023-06-07,1.123,1.123,1.1,1.103,60400.0,66621.2,2.09,-1.69,-0.02,0.0,0.0,0.0,0.0,512970.0,512970,2026/4/27 12:13:36
2023-06-08,1.109,1.118,1.109,1.118,33600.0,37564.8,0.81,1.36,0.02,0.0,0.0,0.0,0.0,512970.0,512970,2026/4/27 12:13:36
2023-06-09,1.124,1.124,1.124,1.124,600.0,674.4,0.0,0.54,0.01,0.0,0.0,0.0,0.0,512970.0,512970,2026/4/27 12:13:36
2023-06-12,1.114,1.137,1.114,1.134,225500.0,255717.0,2.06,0.89,0.01,0.0,0.0,0.0,0.0,512970.0,512970,2026/4/27 12:13:36
2023-06-13,1.133,1.14,1.123,1.139,351600.0,400472.4,1.51,0.44,0.01,0.0,0.0,0.0,0.0,512970.0,512970,2026/4/27 12:13:36
2023-06-14,1.139,1.141,1.136,1.137,176700.0,200907.9,0.44,-0.18,-0.0,0.0,0.0,0.0,0.0,512970.0,512970,2026/4/27 12:13:36
2023-06-15,1.144,1.156,1.144,1.148,2877075.0,3302882.1,1.05,0.97,0.01,0.0,0.0,0.0,0.0,512970.0,512970,2026/4/27 12:13:36
2023-06-16,1.149,1.191,1.149,1.164,308100.0,358628.4,3.66,1.39,0.02,0.0,0.0,0.0,0.0,512970.0,512970,2026/4/27 12:13:36
2023-06-19,1.17,1.17,1.155,1.158,144000.0,166752.0,1.3,-0.52,-0.01,0.0,0.0,0.0,0.0,512970.0,512970,2026/4/27 12:13:36
2023-06-20,1.158,1.174,1.158,1.171,1044000.0,1222524.0,1.38,1.12,0.01,0.0,0.0,0.0,0.0,512970.0,512970,2026/4/27 12:13:36
2023-06-21,1.188,1.188,1.152,1.152,72100.0,83059.2,3.13,-1.62,-0.02,0.0,0.0,0.0,0.0,512970.0,512970,2026/4/27 12:13:36
2023-06-26,1.15,1.15,1.131,1.136,62100.0,70545.6,1.68,-1.39,-0.02,0.0,0.0,0.0,0.0,512970.0,512970,2026/4/27 12:13:36
2023-06-27,1.157,1.157,1.134,1.143,52100.0,59550.3,2.03,0.62,0.01,0.0,0.0,0.0,0.0,512970.0,512970,2026/4/27 12:13:36
2023-06-28,1.148,1.148,1.137,1.146,11800.0,13522.8,0.97,0.26,0.0,0.0,0.0,0.0,0.0,512970.0,512970,2026/4/27 12:13:36
2023-06-29,1.145,1.148,1.144,1.148,11300.0,12972.4,0.35,0.17,0.0,0.0,0.0,0.0,0.0,512970.0,512970,2026/4/27 12:13:36
2023-06-30,1.165,1.165,1.147,1.154,26300.0,30350.2,1.57,0.52,0.01,0.0,0.0,0.0,0.0,512970.0,512970,2026/4/27 12:13:36
2023-07-03,1.154,1.195,1.154,1.183,1336300.0,1580842.9,3.55,2.51,0.03,0.0,0.0,0.0,0.0,512970.0,512970,2026/4/27 12:13:36
2023-07-04,1.174,1.179,1.156,1.173,98418.0,115444.31,1.99,-0.85,-0.01,0.0,0.0,0.0,0.0,512970.0,512970,2026/4/27 12:13:36
2023-07-05,1.189,1.189,1.166,1.168,56900.0,66459.2,1.97,-0.43,-0.01,0.0,0.0,0.0,0.0,512970.0,512970,2026/4/27 12:13:36
2023-07-06,1.164,1.169,1.157,1.158,18900.0,21886.2,1.04,-0.86,-0.01,0.0,0.0,0.0,0.0,512970.0,512970,2026/4/27 12:13:36
2023-07-07,1.158,1.163,1.151,1.151,23900.0,27508.9,1.04,-0.6,-0.01,0.0,0.0,0.0,0.0,512970.0,512970,2026/4/27 12:13:36
2023-07-10,1.156,1.156,1.151,1.151,30400.0,34990.4,0.43,0.0,0.0,0.0,0.0,0.0,0.0,512970.0,512970,2026/4/27 12:13:36
2023-07-11,1.154,1.173,1.154,1.173,34600.0,40585.8,1.65,1.91,0.02,0.0,0.0,0.0,0.0,512970.0,512970,2026/4/27 12:13:36
2023-07-12,1.197,1.197,1.151,1.152,94700.0,109094.4,4.0,-1.79,-0.02,0.0,0.0,0.0,0.0,512970.0,512970,2026/4/27 12:13:36
2023-07-13,1.177,1.177,1.118,1.174,28900.0,33928.6,5.28,1.91,0.02,0.0,0.0,0.0,0.0,512970.0,512970,2026/4/27 12:13:36
2023-07-14,1.198,1.198,1.163,1.163,52700.0,61290.1,3.01,-0.94,-0.01,0.0,0.0,0.0,0.0,512970.0,512970,2026/4/27 12:13:36
2023-07-17,1.174,1.187,1.161,1.161,16100.0,18692.1,2.24,-0.17,-0.0,0.0,0.0,0.0,0.0,512970.0,512970,2026/4/27 12:13:36
2023-07-18,1.161,1.164,1.155,1.164,64700.0,75310.8,0.78,0.26,0.0,0.0,0.0,0.0,0.0,512970.0,512970,2026/4/27 12:13:36
2023-07-19,1.172,1.172,1.146,1.157,19400.0,22445.8,2.27,-0.6,-0.01,0.0,0.0,0.0,0.0,512970.0,512970,2026/4/27 12:13:36
2023-07-20,1.172,1.172,1.139,1.142,11900.0,13589.8,2.9,-1.3,-0.02,0.0,0.0,0.0,0.0,512970.0,512970,2026/4/27 12:13:36
2023-07-21,1.149,1.156,1.138,1.14,43800.0,49932.0,1.58,-0.18,-0.0,0.0,0.0,0.0,0.0,512970.0,512970,2026/4/27 12:13:36
2023-07-24,1.14,1.15,1.099,1.136,42300.0,48052.8,4.64,-0.35,-0.0,0.0,0.0,0.0,0.0,512970.0,512970,2026/4/27 12:13:36
2023-07-25,1.213,1.213,1.137,1.166,76400.0,89082.4,6.68,2.64,0.03,0.0,0.0,0.0,0.0,512970.0,512970,2026/4/27 12:13:36
2023-07-26,1.186,1.186,1.156,1.158,20700.0,23970.6,2.6,-0.69,-0.01,0.0,0.0,0.0,0.0,512970.0,512970,2026/4/27 12:13:36
2023-07-27,1.195,1.195,1.149,1.155,24100.0,27835.5,4.0,-0.26,-0.0,0.0,0.0,0.0,0.0,512970.0,512970,2026/4/27 12:13:36
2023-07-28,1.192,1.192,1.15,1.187,66000.0,78342.0,3.65,2.77,0.03,0.0,0.0,0.0,0.0,512970.0,512970,2026/4/27 12:13:36
2023-07-31,1.188,1.198,1.182,1.185,108700.0,128809.5,1.35,-0.17,-0.0,0.0,0.0,0.0,0.0,512970.0,512970,2026/4/27 12:13:36
2023-08-01,1.189,1.195,1.161,1.161,18500.0,21478.5,2.93,-2.03,-0.02,0.0,0.0,0.0,0.0,512970.0,512970,2026/4/27 12:13:36
2023-08-02,1.187,1.191,1.18,1.191,501500.0,597286.5,0.93,2.58,0.03,0.0,0.0,0.0,0.0,512970.0,512970,2026/4/27 12:13:36
2023-08-03,1.191,1.191,1.18,1.19,107500.0,127925.0,0.93,-0.08,-0.0,0.0,0.0,0.0,0.0,512970.0,512970,2026/4/27 12:13:36
2023-08-04,1.19,1.2,1.19,1.199,273900.0,328406.1,0.84,0.76,0.01,0.0,0.0,0.0,0.0,512970.0,512970,2026/4/27 12:13:36
2023-08-07,1.196,1.196,1.172,1.18,55000.0,64900.0,2.05,-1.58,-0.02,0.0,0.0,0.0,0.0,512970.0,512970,2026/4/27 12:13:36
2023-08-08,1.17,1.182,1.168,1.168,39500.0,46136.0,1.2,-1.02,-0.01,0.0,0.0,0.0,0.0,512970.0,512970,2026/4/27 12:13:36
2023-08-09,1.169,1.182,1.166,1.166,104100.0,121380.6,1.37,-0.17,-0.0,0.0,0.0,0.0,0.0,512970.0,512970,2026/4/27 12:13:36
2023-08-10,1.168,1.168,1.161,1.163,18000.0,20934.0,0.6,-0.26,-0.0,0.0,0.0,0.0,0.0,512970.0,512970,2026/4/27 12:13:36
2023-08-11,1.163,1.163,1.143,1.148,70200.0,80589.6,1.75,-1.29,-0.02,0.0,0.0,0.0,0.0,512970.0,512970,2026/4/27 12:13:36
2023-08-14,1.13,1.263,1.121,1.132,390800.0,442385.6,12.67,-1.39,-0.02,0.0,0.0,0.0,0.0,512970.0,512970,2026/4/27 12:13:36
2023-08-15,1.132,1.135,1.118,1.133,287200.0,325397.6,1.52,0.09,0.0,0.0,0.0,0.0,0.0,512970.0,512970,2026/4/27 12:13:36
2023-08-16,1.241,1.241,1.123,1.134,437500.0,496125.0,10.51,0.09,0.0,0.0,0.0,0.0,0.0,512970.0,512970,2026/4/27 12:13:36
2023-08-17,1.132,1.132,1.109,1.123,1243400.0,1396338.2,2.07,-0.97,-0.01,0.0,0.0,0.0,0.0,512970.0,512970,2026/4/27 12:13:36
2023-08-18,1.107,1.123,1.107,1.114,559600.0,623394.4,1.45,-0.8,-0.01,0.0,0.0,0.0,0.0,512970.0,512970,2026/4/27 12:13:36
2023-08-21,1.192,1.192,1.095,1.095,115200.0,126144.0,8.86,-1.71,-0.02,0.0,0.0,0.0,0.0,512970.0,512970,2026/4/27 12:13:36
2023-08-22,1.089,1.117,1.086,1.104,45700.0,50452.8,2.85,0.82,0.01,0.0,0.0,0.0,0.0,512970.0,512970,2026/4/27 12:13:36
2023-08-23,1.105,1.105,1.083,1.083,80100.0,86748.3,2.03,-1.9,-0.02,0.0,0.0,0.0,0.0,512970.0,512970,2026/4/27 12:13:36
2023-08-24,1.08,1.093,1.077,1.09,133200.0,145188.0,1.49,0.65,0.01,0.0,0.0,0.0,0.0,512970.0,512970,2026/4/27 12:13:36
2023-08-25,1.07,1.091,1.07,1.085,40100.0,43508.5,1.96,-0.46,-0.01,0.0,0.0,0.0,0.0,512970.0,512970,2026/4/27 12:13:36
2023-08-28,1.133,1.133,1.1,1.1,311200.0,342320.0,3.0,1.38,0.02,0.0,0.0,0.0,0.0,512970.0,512970,2026/4/27 12:13:36
2023-08-29,1.1,1.11,1.1,1.106,54800.0,60608.8,0.91,0.55,0.01,0.0,0.0,0.0,0.0,512970.0,512970,2026/4/27 12:13:36
2023-08-30,1.106,1.135,1.106,1.114,18400.0,20497.6,2.62,0.72,0.01,0.0,0.0,0.0,0.0,512970.0,512970,2026/4/27 12:13:36
2023-08-31,1.133,1.133,1.104,1.106,46200.0,51097.2,2.63,-0.72,-0.01,0.0,0.0,0.0,0.0,512970.0,512970,2026/4/27 12:13:36
2023-09-01,1.112,1.117,1.105,1.115,183500.0,204602.5,1.09,0.81,0.01,0.0,0.0,0.0,0.0,512970.0,512970,2026/4/27 12:13:36
2023-09-04,1.113,1.142,1.113,1.128,115600.0,130396.8,2.61,1.17,0.01,0.0,0.0,0.0,0.0,512970.0,512970,2026/4/27 12:13:36
2023-09-05,1.117,1.127,1.114,1.122,12300.0,13800.6,1.17,-0.53,-0.01,0.0,0.0,0.0,0.0,512970.0,512970,2026/4/27 12:13:36
2023-09-06,1.119,1.128,1.105,1.12,30200.0,33824.0,2.08,-0.18,-0.0,0.0,0.0,0.0,0.0,512970.0,512970,2026/4/27 12:13:36
2023-09-07,1.088,1.12,1.088,1.113,34800.0,38732.4,2.94,-0.63,-0.01,0.0,0.0,0.0,0.0,512970.0,512970,2026/4/27 12:13:36
2023-09-08,1.108,1.108,1.089,1.099,23900.0,26266.1,1.74,-1.26,-0.01,0.0,0.0,0.0,0.0,512970.0,512970,2026/4/27 12:13:36
2023-09-11,1.105,1.106,1.09,1.102,171600.0,189103.2,1.47,0.27,0.0,0.0,0.0,0.0,0.0,512970.0,512970,2026/4/27 12:13:36
2023-09-12,1.102,1.104,1.095,1.103,44700.0,49304.1,0.82,0.09,0.0,0.0,0.0,0.0,0.0,512970.0,512970,2026/4/27 12:13:36
2023-09-13,1.1,1.104,1.085,1.1,1010800.0,1111880.0,1.75,-0.27,-0.0,0.0,0.0,0.0,0.0,512970.0,512970,2026/4/27 12:13:36
2023-09-14,1.09,1.099,1.086,1.091,530000.0,578230.0,1.2,-0.82,-0.01,0.0,0.0,0.0,0.0,512970.0,512970,2026/4/27 12:13:36
2023-09-15,1.109,1.111,1.082,1.091,146500.0,159831.5,2.68,0.0,0.0,0.0,0.0,0.0,0.0,512970.0,512970,2026/4/27 12:13:36
2023-09-18,1.09,1.1,1.088,1.09,29200.0,31828.0,1.1,-0.09,-0.0,0.0,0.0,0.0,0.0,512970.0,512970,2026/4/27 12:13:36
2023-09-19,1.09,1.09,1.08,1.085,78200.0,84847.0,0.93,-0.46,-0.01,0.0,0.0,0.0,0.0,512970.0,512970,2026/4/27 12:13:36
2023-09-20,1.052,1.095,1.05,1.082,46700.0,50529.4,4.29,-0.28,-0.0,0.0,0.0,0.0,0.0,512970.0,512970,2026/4/27 12:13:36
2023-09-21,1.073,1.08,1.073,1.079,900.0,971.1,0.65,-0.28,-0.0,0.0,0.0,0.0,0.0,512970.0,512970,2026/4/27 12:13:36
2023-09-22,1.075,1.1,1.075,1.1,241700.0,265870.0,2.33,1.95,0.02,0.0,0.0,0.0,0.0,512970.0,512970,2026/4/27 12:13:36
2023-09-25,1.087,1.087,1.085,1.085,10100.0,10958.5,0.18,-1.36,-0.02,0.0,0.0,0.0,0.0,512970.0,512970,2026/4/27 12:13:36
2023-09-26,1.104,1.104,1.061,1.086,31100.0,33774.6,4.05,0.09,0.0,0.0,0.0,0.0,0.0,512970.0,512970,2026/4/27 12:13:36
2023-09-27,1.093,1.093,1.076,1.076,12700.0,13665.2,1.58,-0.92,-0.01,0.0,0.0,0.0,0.0,512970.0,512970,2026/4/27 12:13:36
2023-09-28,1.083,1.083,1.083,1.083,1400.0,1516.2,0.0,0.65,0.01,0.0,0.0,0.0,0.0,512970.0,512970,2026/4/27 12:13:36
2023-10-09,1.08,1.089,1.068,1.089,60800.0,66211.2,1.97,0.55,0.01,0.0,0.0,0.0,0.0,512970.0,512970,2026/4/27 12:13:36
2023-10-10,1.107,1.107,1.061,1.079,8700.0,9387.3,4.34,-0.92,-0.01,0.0,0.0,0.0,0.0,512970.0,512970,2026/4/27 12:13:36
2023-10-11,1.091,1.091,1.08,1.09,373500.0,407115.0,1.02,1.02,0.01,0.0,0.0,0.0,0.0,512970.0,512970,2026/4/27 12:13:36
2023-10-12,1.09,1.103,1.09,1.102,52900.0,58295.8,1.19,1.1,0.01,0.0,0.0,0.0,0.0,512970.0,512970,2026/4/27 12:13:36
2023-10-13,1.084,1.104,1.084,1.095,4800.0,5256.0,1.85,-0.64,-0.01,0.0,0.0,0.0,0.0,512970.0,512970,2026/4/27 12:13:36
2023-10-16,1.089,1.089,1.071,1.071,102500.0,109777.5,1.68,-2.19,-0.02,0.0,0.0,0.0,0.0,512970.0,512970,2026/4/27 12:13:36
2023-10-17,1.07,1.082,1.07,1.078,4600.0,4958.8,1.12,0.65,0.01,0.0,0.0,0.0,0.0,512970.0,512970,2026/4/27 12:13:36
2023-10-18,1.079,1.093,1.065,1.093,15700.0,17160.1,2.63,1.39,0.01,0.0,0.0,0.0,0.0,512970.0,512970,2026/4/27 12:13:36
2023-10-19,1.091,1.091,1.05,1.051,56300.0,59171.3,3.9,-3.84,-0.04,0.0,0.0,0.0,0.0,512970.0,512970,2026/4/27 12:13:36
2023-10-20,1.051,1.065,1.04,1.06,55700.0,59042.0,2.4,0.86,0.01,0.0,0.0,0.0,0.0,512970.0,512970,2026/4/27 12:13:36
2023-10-23,1.04,1.061,1.022,1.061,56300.0,59734.3,3.82,0.09,0.0,0.0,0.0,0.0,0.0,512970.0,512970,2026/4/27 12:13:36
2023-10-24,1.05,1.057,1.025,1.039,332100.0,345051.9,3.12,-2.07,-0.02,0.0,0.0,0.0,0.0,512970.0,512970,2026/4/27 12:13:36
2023-10-25,1.039,1.039,1.03,1.035,261400.0,270549.0,0.87,-0.38,-0.0,0.0,0.0,0.0,0.0,512970.0,512970,2026/4/27 12:13:36
2023-10-26,1.02,1.033,1.02,1.033,600.0,619.8,1.27,-0.19,-0.0,0.0,0.0,0.0,0.0,512970.0,512970,2026/4/27 12:13:36
2023-10-27,1.033,1.052,1.033,1.045,41400.0,43263.0,1.84,1.16,0.01,0.0,0.0,0.0,0.0,512970.0,512970,2026/4/27 12:13:36
2023-10-30,1.056,1.065,1.046,1.064,20100.0,21386.4,1.82,1.82,0.02,0.0,0.0,0.0,0.0,512970.0,512970,2026/4/27 12:13:36
2023-10-31,1.078,1.078,1.05,1.055,8900.0,9389.5,2.67,-0.85,-0.01,0.0,0.0,0.0,0.0,512970.0,512970,2026/4/27 12:13:36
2023-11-01,1.045,1.051,1.045,1.051,38000.0,39938.0,0.57,-0.38,-0.0,0.0,0.0,0.0,0.0,512970.0,512970,2026/4/27 12:13:36
2023-11-02,1.045,1.049,1.045,1.045,36200.0,37829.0,0.38,-0.57,-0.01,0.0,0.0,0.0,0.0,512970.0,512970,2026/4/27 12:13:36
2023-11-03,1.045,1.062,1.045,1.055,180700.0,190638.5,1.63,0.96,0.01,0.0,0.0,0.0,0.0,512970.0,512970,2026/4/27 12:13:36
2023-11-06,1.061,1.075,1.048,1.07,213400.0,228338.0,2.58,1.42,0.02,0.0,0.0,0.0,0.0,512970.0,512970,2026/4/27 12:13:36
2023-11-07,1.079,1.091,1.065,1.073,1086200.0,1165492.6,2.44,0.28,0.0,0.0,0.0,0.0,0.0,512970.0,512970,2026/4/27 12:13:36
2023-11-08,1.058,1.073,1.055,1.071,302100.0,323549.1,1.71,-0.19,-0.0,0.0,0.0,0.0,0.0,512970.0,512970,2026/4/27 12:13:36
2023-11-09,1.061,1.069,1.06,1.062,258500.0,274527.0,0.85,-0.84,-0.01,0.0,0.0,0.0,0.0,512970.0,512970,2026/4/27 12:13:36
2023-11-10,1.055,1.057,1.05,1.052,100700.0,105936.4,0.67,-0.94,-0.01,0.0,0.0,0.0,0.0,512970.0,512970,2026/4/27 12:13:36
2023-11-13,1.05,1.053,1.05,1.053,6400.0,6739.2,0.29,0.1,0.0,0.0,0.0,0.0,0.0,512970.0,512970,2026/4/27 12:13:36
2023-11-14,1.052,1.065,1.052,1.055,14300.0,15086.5,1.24,0.19,0.0,0.0,0.0,0.0,0.0,512970.0,512970,2026/4/27 12:13:36
2023-11-15,1.061,1.067,1.061,1.065,64400.0,68586.0,0.57,0.95,0.01,0.0,0.0,0.0,0.0,512970.0,512970,2026/4/27 12:13:36
2023-11-16,1.056,1.06,1.056,1.06,61200.0,64872.0,0.38,-0.47,-0.0,0.0,0.0,0.0,0.0,512970.0,512970,2026/4/27 12:13:36
2023-11-17,1.053,1.056,1.05,1.056,98600.0,104121.6,0.57,-0.38,-0.0,0.0,0.0,0.0,0.0,512970.0,512970,2026/4/27 12:13:36
2023-11-20,1.05,1.061,1.05,1.061,138200.0,146630.2,1.05,0.47,0.0,0.0,0.0,0.0,0.0,512970.0,512970,2026/4/27 12:13:36
2023-11-21,1.065,1.066,1.053,1.056,120800.0,127564.8,1.23,-0.47,-0.0,0.0,0.0,0.0,0.0,512970.0,512970,2026/4/27 12:13:36
2023-11-22,1.053,1.065,1.042,1.042,160400.0,167136.8,2.21,-1.33,-0.01,0.0,0.0,0.0,0.0,512970.0,512970,2026/4/27 12:13:36
2023-11-23,1.041,1.06,1.039,1.046,110900.0,116001.4,2.02,0.38,0.0,0.0,0.0,0.0,0.0,512970.0,512970,2026/4/27 12:13:36
2023-11-24,1.041,1.053,1.04,1.04,46200.0,48048.0,1.25,-0.57,-0.01,0.0,0.0,0.0,0.0,512970.0,512970,2026/4/27 12:13:36
2023-11-27,1.04,1.04,1.024,1.033,73100.0,75512.3,1.56,-0.67,-0.01,0.0,0.0,0.0,0.0,512970.0,512970,2026/4/27 12:13:36
2023-11-28,1.036,1.036,1.032,1.032,1500.0,1548.0,0.39,-0.1,-0.0,0.0,0.0,0.0,0.0,512970.0,512970,2026/4/27 12:13:36
2023-11-29,1.03,1.03,1.021,1.026,119600.0,122709.6,0.88,-0.58,-0.01,0.0,0.0,0.0,0.0,512970.0,512970,2026/4/27 12:13:36
2023-11-30,1.025,1.027,1.022,1.027,12000.0,12324.0,0.49,0.1,0.0,0.0,0.0,0.0,0.0,512970.0,512970,2026/4/27 12:13:36
2023-12-01,1.018,1.018,1.013,1.017,147600.0,150109.2,0.49,-0.97,-0.01,0.0,0.0,0.0,0.0,512970.0,512970,2026/4/27 12:13:36
2023-12-04,1.017,1.017,1.011,1.011,35700.0,36092.7,0.59,-0.59,-0.01,0.0,0.0,0.0,0.0,512970.0,512970,2026/4/27 12:13:36
2023-12-05,1.01,1.01,0.993,0.993,67400.0,66928.2,1.71,-1.78,-0.02,0.0,0.0,0.0,0.0,512970.0,512970,2026/4/27 12:13:36
2023-12-06,0.993,1.01,0.99,1.01,27600.0,27876.0,2.02,1.71,0.02,0.0,0.0,0.0,0.0,512970.0,512970,2026/4/27 12:13:36
2023-12-07,1.0,1.0,0.985,0.997,30300.0,30209.1,1.52,-1.29,-0.01,0.0,0.0,0.0,0.0,512970.0,512970,2026/4/27 12:13:36
2023-12-08,0.996,1.0,0.996,1.0,10900.0,10900.0,0.4,0.3,0.0,0.0,0.0,0.0,0.0,512970.0,512970,2026/4/27 12:13:36
2023-12-11,0.991,1.01,0.991,1.01,31000.0,31310.0,1.92,1.0,0.01,0.0,0.0,0.0,0.0,512970.0,512970,2026/4/27 12:13:36
2023-12-12,1.011,1.012,1.005,1.012,27300.0,27627.6,0.7,0.2,0.0,0.0,0.0,0.0,0.0,512970.0,512970,2026/4/27 12:13:36
2023-12-13,1.006,1.006,0.996,0.996,638600.0,636045.6,1.0,-1.58,-0.02,0.0,0.0,0.0,0.0,512970.0,512970,2026/4/27 12:13:36
2023-12-14,0.996,1.0,0.993,0.993,47700.0,47366.1,0.7,-0.3,-0.0,0.0,0.0,0.0,0.0,512970.0,512970,2026/4/27 12:13:36
2023-12-15,0.993,0.997,0.991,0.996,61100.0,60855.6,0.61,0.3,0.0,0.0,0.0,0.0,0.0,512970.0,512970,2026/4/27 12:13:36
2023-12-18,0.996,0.996,0.98,0.98,35100.0,34398.0,1.63,-1.61,-0.02,0.0,0.0,0.0,0.0,512970.0,512970,2026/4/27 12:13:36
2023-12-19,0.999,0.999,0.978,0.978,6000.0,5868.0,2.15,-0.2,-0.0,0.0,0.0,0.0,0.0,512970.0,512970,2026/4/27 12:13:36
2023-12-20,0.975,0.981,0.968,0.972,44900.0,43642.8,1.34,-0.61,-0.01,0.0,0.0,0.0,0.0,512970.0,512970,2026/4/27 12:13:36
2023-12-21,0.97,0.985,0.97,0.978,41300.0,40391.4,1.55,0.62,0.01,0.0,0.0,0.0,0.0,512970.0,512970,2026/4/27 12:13:36
2023-12-22,0.978,0.983,0.975,0.976,26900.0,26254.4,0.82,-0.2,-0.0,0.0,0.0,0.0,0.0,512970.0,512970,2026/4/27 12:13:36
2023-12-25,0.976,0.999,0.976,0.985,29600.0,29156.0,2.36,0.92,0.01,0.0,0.0,0.0,0.0,512970.0,512970,2026/4/27 12:13:36
2023-12-26,0.974,0.978,0.97,0.972,18200.0,17690.4,0.82,-1.32,-0.01,0.0,0.0,0.0,0.0,512970.0,512970,2026/4/27 12:13:36
2023-12-27,0.969,0.978,0.969,0.976,6400.0,6246.4,0.93,0.41,0.0,0.0,0.0,0.0,0.0,512970.0,512970,2026/4/27 12:13:36
2023-12-28,0.985,1.004,0.985,1.001,136200.0,136336.2,1.93,2.56,0.02,0.0,0.0,0.0,0.0,512970.0,512970,2026/4/27 12:13:36
2023-12-29,0.996,1.014,0.996,1.01,52600.0,53126.0,1.81,0.9,0.01,0.0,0.0,0.0,0.0,512970.0,512970,2026/4/27 12:13:36
2024-01-02,0.993,1.006,0.993,1.001,22900.0,22922.9,1.31,-0.89,-0.01,0.0,0.0,0.0,0.0,512970.0,512970,2026/4/27 12:13:36
2024-01-03,0.998,0.998,0.985,0.988,13300.0,13140.4,1.32,-1.3,-0.01,0.0,0.0,0.0,0.0,512970.0,512970,2026/4/27 12:13:36
2024-01-04,0.98,0.999,0.978,0.981,51400.0,50423.4,2.15,-0.71,-0.01,0.0,0.0,0.0,0.0,512970.0,512970,2026/4/27 12:13:36
2024-01-05,0.988,0.995,0.977,0.977,37200.0,36344.4,1.84,-0.41,-0.0,0.0,0.0,0.0,0.0,512970.0,512970,2026/4/27 12:13:36
2024-01-08,0.977,0.977,0.956,0.963,71200.0,68565.6,2.2,-1.43,-0.01,0.0,0.0,0.0,0.0,512970.0,512970,2026/4/27 12:13:36
2024-01-09,0.963,0.968,0.961,0.963,42300.0,40734.9,0.73,0.0,0.0,0.0,0.0,0.0,0.0,512970.0,512970,2026/4/27 12:13:36
2024-01-10,0.96,0.967,0.954,0.96,10500.0,10080.0,1.36,-0.31,-0.0,0.0,0.0,0.0,0.0,512970.0,512970,2026/4/27 12:13:36
2024-01-11,0.986,0.986,0.955,0.97,160700.0,155879.0,3.25,1.04,0.01,0.0,0.0,0.0,0.0,512970.0,512970,2026/4/27 12:13:36
2024-01-12,0.971,0.971,0.962,0.962,4400.0,4232.8,0.94,-0.82,-0.01,0.0,0.0,0.0,0.0,512970.0,512970,2026/4/27 12:13:36
2024-01-15,0.96,0.968,0.955,0.963,45200.0,43527.6,1.36,0.1,0.0,0.0,0.0,0.0,0.0,512970.0,512970,2026/4/27 12:13:36
2024-01-16,0.96,0.96,0.953,0.96,91700.0,88032.0,0.73,-0.31,-0.0,0.0,0.0,0.0,0.0,512970.0,512970,2026/4/27 12:13:36
2024-01-17,0.95,0.95,0.942,0.942,283000.0,266586.0,0.85,-1.88,-0.02,0.0,0.0,0.0,0.0,512970.0,512970,2026/4/27 12:13:36
2024-01-18,0.94,0.944,0.918,0.944,177200.0,167276.8,2.83,0.21,0.0,0.0,0.0,0.0,0.0,512970.0,512970,2026/4/27 12:13:36
2024-01-19,0.953,0.953,0.93,0.95,29900.0,28405.0,2.47,0.64,0.01,0.0,0.0,0.0,0.0,512970.0,512970,2026/4/27 12:13:36
2024-01-22,0.95,0.95,0.93,0.93,26900.0,25017.0,2.15,-2.11,-0.02,0.0,0.0,0.0,0.0,512970.0,512970,2026/4/27 12:13:36
2024-01-23,0.931,0.942,0.93,0.942,4700.0,4427.4,1.29,1.29,0.01,0.0,0.0,0.0,0.0,512970.0,512970,2026/4/27 12:13:36
2024-01-24,0.95,0.95,0.923,0.945,49800.0,47061.0,2.93,0.32,0.0,0.0,0.0,0.0,0.0,512970.0,512970,2026/4/27 12:13:36
2024-01-25,0.946,0.965,0.944,0.962,178200.0,171428.4,2.22,1.8,0.02,0.0,0.0,0.0,0.0,512970.0,512970,2026/4/27 12:13:36
2024-01-26,0.962,0.962,0.945,0.956,25700.0,24569.2,1.8,-0.62,-0.01,0.0,0.0,0.0,0.0,512970.0,512970,2026/4/27 12:13:36
2024-01-29,0.96,0.96,0.942,0.944,62400.0,58905.6,1.91,-1.26,-0.01,0.0,0.0,0.0,0.0,512970.0,512970,2026/4/27 12:13:36
2024-01-30,0.96,0.96,0.922,0.923,82200.0,75870.6,4.12,-2.22,-0.02,0.0,0.0,0.0,0.0,512970.0,512970,2026/4/27 12:13:36
2024-01-31,0.922,0.922,0.9,0.914,1171200.0,1070476.8,2.44,-0.98,-0.01,0.0,0.0,0.0,0.0,512970.0,512970,2026/4/27 12:13:36
2024-02-01,0.883,0.919,0.883,0.909,18600.0,16907.4,4.08,-0.55,-0.01,0.0,0.0,0.0,0.0,512970.0,512970,2026/4/27 12:13:36
2024-02-02,0.91,0.914,0.872,0.894,47800.0,42733.2,4.82,-1.65,-0.02,0.0,0.0,0.0,0.0,512970.0,512970,2026/4/27 12:13:36
2024-02-05,0.894,0.91,0.873,0.909,99200.0,90172.8,4.24,1.68,0.02,0.0,0.0,0.0,0.0,512970.0,512970,2026/4/27 12:13:36
2024-02-06,0.904,0.941,0.904,0.938,214300.0,201013.4,4.09,3.19,0.03,0.0,0.0,0.0,0.0,512970.0,512970,2026/4/27 12:13:36
2024-02-07,0.94,0.965,0.94,0.962,193800.0,186435.6,2.66,2.56,0.02,0.0,0.0,0.0,0.0,512970.0,512970,2026/4/27 12:13:36
2024-02-08,0.976,0.987,0.964,0.966,155100.0,149826.6,2.39,0.42,0.0,0.0,0.0,0.0,0.0,512970.0,512970,2026/4/27 12:13:36
2024-02-19,0.971,0.978,0.968,0.977,272700.0,266427.9,1.03,1.14,0.01,0.0,0.0,0.0,0.0,512970.0,512970,2026/4/27 12:13:36
2024-02-20,0.989,1.072,0.968,0.979,1195900.0,1170786.1,10.74,0.2,0.0,0.0,0.0,0.0,0.0,512970.0,512970,2026/4/27 12:13:36
2024-02-21,0.973,0.998,0.967,0.989,771800.0,763310.2,3.21,1.02,0.01,0.0,0.0,0.0,0.0,512970.0,512970,2026/4/27 12:13:36
2024-02-22,0.998,0.998,0.986,0.992,86000.0,85312.0,1.22,0.3,0.0,0.0,0.0,0.0,0.0,512970.0,512970,2026/4/27 12:13:36
2024-02-23,0.992,0.996,0.98,0.991,154600.0,153208.6,1.63,-0.1,-0.0,0.0,0.0,0.0,0.0,512970.0,512970,2026/4/27 12:13:36
2024-02-26,0.993,0.998,0.986,0.988,284500.0,281086.0,1.22,-0.3,-0.0,0.0,0.0,0.0,0.0,512970.0,512970,2026/4/27 12:13:36
2024-02-27,0.995,1.005,0.988,1.005,202500.0,203512.5,1.72,1.72,0.02,0.0,0.0,0.0,0.0,512970.0,512970,2026/4/27 12:13:36
2024-02-28,1.004,1.014,0.987,0.987,69900.0,68991.3,2.74,-1.79,-0.02,0.0,0.0,0.0,0.0,512970.0,512970,2026/4/27 12:13:36
2024-02-29,0.987,1.011,0.987,1.011,39100.0,39530.1,2.43,2.43,0.02,0.0,0.0,0.0,0.0,512970.0,512970,2026/4/27 12:13:36
2024-03-01,1.001,1.022,1.001,1.022,187700.0,191829.4,2.1,1.09,0.01,0.0,0.0,0.0,0.0,512970.0,512970,2026/4/27 12:13:36
2024-03-04,1.022,1.031,1.011,1.031,100400.0,103512.4,1.98,0.88,0.01,0.0,0.0,0.0,0.0,512970.0,512970,2026/4/27 12:13:36
2024-03-05,1.021,1.026,1.016,1.026,84200.0,86389.2,0.98,-0.48,-0.0,0.0,0.0,0.0,0.0,512970.0,512970,2026/4/27 12:13:36
2024-03-06,1.018,1.023,1.018,1.021,9200.0,9393.2,0.49,-0.49,-0.01,0.0,0.0,0.0,0.0,512970.0,512970,2026/4/27 12:13:36
2024-03-07,1.016,1.029,1.012,1.013,60200.0,60982.6,1.68,-0.78,-0.01,0.0,0.0,0.0,0.0,512970.0,512970,2026/4/27 12:13:36
2024-03-08,1.013,1.019,1.01,1.019,13600.0,13858.4,0.89,0.59,0.01,0.0,0.0,0.0,0.0,512970.0,512970,2026/4/27 12:13:36
2024-03-11,1.019,1.033,1.018,1.033,45100.0,46588.3,1.47,1.37,0.01,0.0,0.0,0.0,0.0,512970.0,512970,2026/4/27 12:13:36
2024-03-12,1.035,1.045,1.03,1.043,235400.0,245522.2,1.46,0.97,0.01,0.0,0.0,0.0,0.0,512970.0,512970,2026/4/27 12:13:36
2024-03-13,1.043,1.045,1.033,1.036,67000.0,69412.0,1.16,-0.67,-0.01,0.0,0.0,0.0,0.0,512970.0,512970,2026/4/27 12:13:36
2024-03-14,1.026,1.045,1.026,1.031,52100.0,53715.1,1.85,-0.48,-0.01,0.0,0.0,0.0,0.0,512970.0,512970,2026/4/27 12:13:36
2024-03-15,1.021,1.026,1.02,1.025,56400.0,57810.0,0.59,-0.58,-0.01,0.0,0.0,0.0,0.0,512970.0,512970,2026/4/27 12:13:36
2024-03-18,1.034,1.043,1.022,1.043,121300.0,126515.9,2.05,1.76,0.02,0.0,0.0,0.0,0.0,512970.0,512970,2026/4/27 12:13:36
2024-03-19,1.033,1.045,1.031,1.042,45700.0,47619.4,1.36,-0.1,-0.0,0.0,0.0,0.0,0.0,512970.0,512970,2026/4/27 12:13:36
2024-03-20,1.038,1.038,1.037,1.037,17000.0,17629.0,0.1,-0.48,-0.01,0.0,0.0,0.0,0.0,512970.0,512970,2026/4/27 12:13:36
2024-03-21,1.037,1.038,1.032,1.038,44800.0,46502.4,0.58,0.1,0.0,0.0,0.0,0.0,0.0,512970.0,512970,2026/4/27 12:13:36
2024-03-22,1.02,1.028,1.018,1.022,60800.0,62137.6,0.98,-1.54,-0.02,0.0,0.0,0.0,0.0,512970.0,512970,2026/4/27 12:13:36
2024-03-25,1.015,1.024,1.013,1.018,28700.0,29216.6,1.09,-0.39,-0.0,0.0,0.0,0.0,0.0,512970.0,512970,2026/4/27 12:13:36
2024-03-26,1.015,1.022,1.012,1.019,11500.0,11718.5,0.99,0.1,0.0,0.0,0.0,0.0,0.0,512970.0,512970,2026/4/27 12:13:36
2024-03-27,1.01,1.015,1.006,1.011,33000.0,33363.0,0.89,-0.79,-0.01,0.0,0.0,0.0,0.0,512970.0,512970,2026/4/27 12:13:36
2024-03-28,0.996,1.018,0.996,1.013,36300.0,36771.9,2.21,0.2,0.0,0.0,0.0,0.0,0.0,512970.0,512970,2026/4/27 12:13:36
2024-03-29,1.006,1.016,1.006,1.016,318800.0,323900.8,0.99,0.3,0.0,0.0,0.0,0.0,0.0,512970.0,512970,2026/4/27 12:13:36
2024-04-01,1.016,1.033,1.016,1.032,39500.0,40764.0,1.67,1.57,0.02,0.0,0.0,0.0,0.0,512970.0,512970,2026/4/27 12:13:36
2024-04-02,1.032,1.032,1.021,1.022,7000.0,7154.0,1.08,-0.97,-0.01,0.0,0.0,0.0,0.0,512970.0,512970,2026/4/27 12:13:36
2024-04-03,1.02,1.02,1.02,1.02,9600.0,9792.0,0.0,-0.2,-0.0,0.0,0.0,0.0,0.0,512970.0,512970,2026/4/27 12:13:36
2024-04-08,1.02,1.04,1.006,1.04,26900.0,27976.0,3.38,1.96,0.02,0.0,0.0,0.0,0.0,512970.0,512970,2026/4/27 12:13:36
2024-04-09,1.04,1.04,1.006,1.025,175200.0,179580.0,3.38,-1.44,-0.02,0.0,0.0,0.0,0.0,512970.0,512970,2026/4/27 12:13:36
2024-04-10,1.002,1.005,0.988,0.996,141200.0,140635.2,1.72,-2.83,-0.03,0.0,0.0,0.0,0.0,512970.0,512970,2026/4/27 12:13:36
2024-04-11,0.99,0.999,0.988,0.991,47400.0,46973.4,1.11,-0.5,-0.01,0.0,0.0,0.0,0.0,512970.0,512970,2026/4/27 12:13:36
2024-04-12,0.99,0.99,0.986,0.986,83400.0,82232.4,0.41,-0.5,-0.01,0.0,0.0,0.0,0.0,512970.0,512970,2026/4/27 12:13:36
2024-04-15,0.986,1.0,0.985,0.998,101600.0,101396.8,1.52,1.22,0.01,0.0,0.0,0.0,0.0,512970.0,512970,2026/4/27 12:13:36
2024-04-16,0.999,1.0,0.984,0.987,52200.0,51521.4,1.63,-1.1,-0.01,0.0,0.0,0.0,0.0,512970.0,512970,2026/4/27 12:13:36
2024-04-17,0.996,1.001,0.993,1.001,83000.0,83083.0,0.81,1.42,0.01,0.0,0.0,0.0,0.0,512970.0,512970,2026/4/27 12:13:36
2024-04-18,0.999,1.012,0.999,1.003,22300.0,22366.9,1.3,0.2,0.0,0.0,0.0,0.0,0.0,512970.0,512970,2026/4/27 12:13:36
2024-04-19,0.995,0.997,0.991,0.994,17400.0,17295.6,0.61,-0.9,-0.01,0.0,0.0,0.0,0.0,512970.0,512970,2026/4/27 12:13:36
2024-04-22,0.991,0.996,0.991,0.992,24900.0,24700.8,0.5,-0.2,-0.0,0.0,0.0,0.0,0.0,512970.0,512970,2026/4/27 12:13:36
2024-04-23,0.985,0.988,0.985,0.988,4500.0,4446.0,0.3,-0.4,-0.0,0.0,0.0,0.0,0.0,512970.0,512970,2026/4/27 12:13:36
2024-04-24,0.988,0.997,0.988,0.997,59800.0,59620.6,0.91,0.91,0.01,0.0,0.0,0.0,0.0,512970.0,512970,2026/4/27 12:13:36
2024-04-25,0.996,1.002,0.996,1.001,20800.0,20820.8,0.6,0.4,0.0,0.0,0.0,0.0,0.0,512970.0,512970,2026/4/27 12:13:36
2024-04-26,1.006,1.019,1.006,1.013,46500.0,47104.5,1.29,1.2,0.01,0.0,0.0,0.0,0.0,512970.0,512970,2026/4/27 12:13:36
2024-04-29,1.013,1.046,1.013,1.043,543600.0,566974.8,3.26,2.96,0.03,0.0,0.0,0.0,0.0,512970.0,512970,2026/4/27 12:13:36
2024-04-30,1.037,1.039,1.016,1.035,26500.0,27427.5,2.26,-0.77,-0.01,0.0,0.0,0.0,0.0,512970.0,512970,2026/4/27 12:13:36
2024-05-06,1.045,1.058,1.044,1.058,27700.0,29306.6,1.34,2.22,0.02,0.0,0.0,0.0,0.0,512970.0,512970,2026/4/27 12:13:36
2024-05-07,1.057,1.06,1.056,1.059,1400.0,1482.6,0.38,0.09,0.0,0.0,0.0,0.0,0.0,512970.0,512970,2026/4/27 12:13:36
2024-05-08,1.047,1.053,1.042,1.042,122410.0,127551.22,1.06,-1.61,-0.02,0.0,0.0,0.0,0.0,512970.0,512970,2026/4/27 12:13:36
2024-05-09,1.05,1.058,1.02,1.05,92500.0,97125.0,3.73,0.77,0.01,0.0,0.0,0.0,0.0,512970.0,512970,2026/4/27 12:13:36
2024-05-10,1.049,1.054,1.044,1.054,36600.0,38576.4,0.96,0.38,0.0,0.0,0.0,0.0,0.0,512970.0,512970,2026/4/27 12:13:36
2024-05-13,1.048,1.053,1.048,1.053,3200.0,3369.6,0.48,-0.09,-0.0,0.0,0.0,0.0,0.0,512970.0,512970,2026/4/27 12:13:36
2024-05-14,1.059,1.059,1.045,1.052,4000.0,4208.0,1.34,-0.09,-0.0,0.0,0.0,0.0,0.0,512970.0,512970,2026/4/27 12:13:36
2024-05-15,1.052,1.052,1.041,1.041,7200.0,7495.2,1.06,-1.05,-0.01,0.0,0.0,0.0,0.0,512970.0,512970,2026/4/27 12:13:36
2024-05-16,1.04,1.054,1.04,1.049,85200.0,89374.8,1.35,0.77,0.01,0.0,0.0,0.0,0.0,512970.0,512970,2026/4/27 12:13:36
2024-05-17,1.052,1.059,1.023,1.059,104400.0,110559.6,3.52,0.95,0.01,0.0,0.0,0.0,0.0,512970.0,512970,2026/4/27 12:13:36
2024-05-20,1.068,1.068,1.06,1.062,1200.0,1274.4,0.75,0.28,0.0,0.0,0.0,0.0,0.0,512970.0,512970,2026/4/27 12:13:36
2024-05-21,1.063,1.063,1.054,1.055,17700.0,18673.5,0.85,-0.66,-0.01,0.0,0.0,0.0,0.0,512970.0,512970,2026/4/27 12:13:36
2024-05-22,1.056,1.062,1.056,1.062,3500.0,3717.0,0.57,0.66,0.01,0.0,0.0,0.0,0.0,512970.0,512970,2026/4/27 12:13:36
2024-05-23,1.057,1.057,1.046,1.051,24900.0,26169.9,1.05,-1.04,-0.01,0.0,0.0,0.0,0.0,512970.0,512970,2026/4/27 12:13:36
2024-05-24,1.045,1.045,1.027,1.031,198000.0,204138.0,1.75,-1.9,-0.02,0.0,0.0,0.0,0.0,512970.0,512970,2026/4/27 12:13:36
2024-05-27,1.033,1.033,1.026,1.033,148600.0,153503.8,0.68,0.19,0.0,0.0,0.0,0.0,0.0,512970.0,512970,2026/4/27 12:13:36
2024-05-28,1.035,1.037,1.027,1.027,10100.0,10372.7,0.97,-0.58,-0.01,0.0,0.0,0.0,0.0,512970.0,512970,2026/4/27 12:13:36
2024-05-29,1.032,1.032,1.025,1.025,4400.0,4510.0,0.68,-0.19,-0.0,0.0,0.0,0.0,0.0,512970.0,512970,2026/4/27 12:13:36
2024-05-30,1.027,1.036,1.025,1.035,8100.0,8383.5,1.07,0.98,0.01,0.0,0.0,0.0,0.0,512970.0,512970,2026/4/27 12:13:36
2024-05-31,1.026,1.04,1.026,1.034,29500.0,30503.0,1.36,-0.1,-0.0,0.0,0.0,0.0,0.0,512970.0,512970,2026/4/27 12:13:36
2024-06-03,1.044,1.055,1.013,1.022,22500.0,22995.0,4.15,-1.16,-0.01,0.0,0.0,0.0,0.0,512970.0,512970,2026/4/27 12:13:36
2024-06-04,1.031,1.042,1.027,1.037,87100.0,90322.7,1.46,1.47,0.01,0.0,0.0,0.0,0.0,512970.0,512970,2026/4/27 12:13:36
2024-06-05,1.043,1.046,1.006,1.015,95800.0,97237.0,3.98,-2.12,-0.02,0.0,0.0,0.0,0.0,512970.0,512970,2026/4/27 12:13:36
2024-06-06,1.054,1.054,1.021,1.051,148800.0,156388.8,3.23,3.55,0.04,0.0,0.0,0.0,0.0,512970.0,512970,2026/4/27 12:13:36
2024-06-07,1.054,1.069,1.022,1.028,310400.0,319091.2,4.6,-2.19,-0.02,0.0,0.0,0.0,0.0,512970.0,512970,2026/4/27 12:13:36
2024-06-11,1.028,1.03,1.018,1.024,59200.0,60620.8,1.18,-0.39,-0.0,0.0,0.0,0.0,0.0,512970.0,512970,2026/4/27 12:13:36
2024-06-12,1.025,1.031,1.025,1.031,58900.0,60725.9,0.59,0.68,0.01,0.0,0.0,0.0,0.0,512970.0,512970,2026/4/27 12:13:36
2024-06-13,1.031,1.038,1.025,1.028,177000.0,181956.0,1.27,-0.29,-0.0,0.0,0.0,0.0,0.0,512970.0,512970,2026/4/27 12:13:36
2024-06-14,1.025,1.044,1.022,1.041,179100.0,186443.1,2.15,1.26,0.01,0.0,0.0,0.0,0.0,512970.0,512970,2026/4/27 12:13:36
2024-06-17,1.036,1.049,1.036,1.049,66200.0,69443.8,1.25,0.77,0.01,0.0,0.0,0.0,0.0,512970.0,512970,2026/4/27 12:13:36
2024-06-18,1.053,1.053,1.045,1.045,3600.0,3762.0,0.77,-0.38,-0.0,0.0,0.0,0.0,0.0,512970.0,512970,2026/4/27 12:13:36
2024-06-19,1.042,1.045,1.041,1.045,1400.0,1463.0,0.38,0.0,0.0,0.0,0.0,0.0,0.0,512970.0,512970,2026/4/27 12:13:36
2024-06-20,1.034,1.035,1.034,1.035,4300.0,4450.5,0.1,-0.96,-0.01,0.0,0.0,0.0,0.0,512970.0,512970,2026/4/27 12:13:36
2024-06-21,1.037,1.037,1.016,1.033,14200.0,14668.6,2.07,-0.19,-0.0,0.0,0.0,0.0,0.0,512970.0,512970,2026/4/27 12:13:36
2024-06-24,1.024,1.032,1.013,1.013,10200.0,10332.6,1.88,-1.94,-0.02,0.0,0.0,0.0,0.0,512970.0,512970,2026/4/27 12:13:36
2024-06-25,1.025,1.03,1.015,1.03,126200.0,129986.0,1.48,1.68,0.02,0.0,0.0,0.0,0.0,512970.0,512970,2026/4/27 12:13:36
2024-06-26,1.028,1.037,1.015,1.037,102900.0,106707.3,2.17,0.68,0.01,0.0,0.0,0.0,0.0,512970.0,512970,2026/4/27 12:13:36
2024-06-27,1.027,1.049,1.022,1.022,114900.0,117427.8,2.64,-1.45,-0.01,0.0,0.0,0.0,0.0,512970.0,512970,2026/4/27 12:13:36
2024-06-28,1.025,1.037,1.025,1.028,21600.0,22204.8,1.17,0.59,0.01,0.0,0.0,0.0,0.0,512970.0,512970,2026/4/27 12:13:36
2024-07-01,1.019,1.02,1.012,1.02,22600.0,23052.0,0.79,-0.78,-0.01,0.0,0.0,0.0,0.0,512970.0,512970,2026/4/27 12:13:36
2024-07-02,1.027,1.027,1.017,1.017,51700.0,52578.9,0.98,-0.29,-0.0,0.0,0.0,0.0,0.0,512970.0,512970,2026/4/27 12:13:36
2024-07-03,1.015,1.017,1.015,1.015,3900.0,3958.5,0.2,-0.2,-0.0,0.0,0.0,0.0,0.0,512970.0,512970,2026/4/27 12:13:36
2024-07-04,1.015,1.02,1.007,1.007,295300.0,297367.1,1.29,-0.79,-0.01,0.0,0.0,0.0,0.0,512970.0,512970,2026/4/27 12:13:36
2024-07-05,1.006,1.007,0.998,1.007,32400.0,32626.8,0.9,0.0,0.0,0.0,0.0,0.0,0.0,512970.0,512970,2026/4/27 12:13:36
2024-07-08,1.004,1.004,0.996,1.001,200700.0,200900.7,0.8,-0.6,-0.01,0.0,0.0,0.0,0.0,512970.0,512970,2026/4/27 12:13:36
2024-07-09,0.999,1.02,0.999,1.02,208700.0,212874.0,2.1,1.9,0.02,0.0,0.0,0.0,0.0,512970.0,512970,2026/4/27 12:13:36
2024-07-10,1.023,1.026,1.019,1.026,241800.0,248086.8,0.69,0.59,0.01,0.0,0.0,0.0,0.0,512970.0,512970,2026/4/27 12:13:36
2024-07-11,1.03,1.041,1.03,1.032,397600.0,410323.2,1.07,0.58,0.01,0.0,0.0,0.0,0.0,512970.0,512970,2026/4/27 12:13:36
2024-07-12,1.028,1.044,1.027,1.037,214400.0,222332.8,1.66,0.48,0.0,0.0,0.0,0.0,0.0,512970.0,512970,2026/4/27 12:13:36
2024-07-15,1.032,1.036,1.03,1.03,79000.0,81370.0,0.58,-0.68,-0.01,0.0,0.0,0.0,0.0,512970.0,512970,2026/4/27 12:13:36
2024-07-16,1.026,1.04,1.026,1.039,34000.0,35326.0,1.36,0.87,0.01,0.0,0.0,0.0,0.0,512970.0,512970,2026/4/27 12:13:36
2024-07-17,1.037,1.037,1.037,1.037,1000.0,1037.0,0.0,-0.19,-0.0,0.0,0.0,0.0,0.0,512970.0,512970,2026/4/27 12:13:36
2024-07-18,1.031,1.039,1.027,1.039,5600.0,5818.4,1.17,0.19,0.0,0.0,0.0,0.0,0.0,512970.0,512970,2026/4/27 12:13:36
2024-07-19,1.039,1.039,1.038,1.038,1500.0,1557.0,0.1,-0.1,-0.0,0.0,0.0,0.0,0.0,512970.0,512970,2026/4/27 12:13:36
2024-07-22,1.032,1.034,1.03,1.034,60000.0,62040.0,0.39,-0.39,-0.0,0.0,0.0,0.0,0.0,512970.0,512970,2026/4/27 12:13:36
2024-07-23,1.025,1.12,1.015,1.015,7800.0,7917.0,10.34,-1.84,-0.02,0.0,0.0,0.0,0.0,512970.0,512970,2026/4/27 12:13:36
2024-07-24,1.007,1.008,0.992,0.997,74600.0,74376.2,1.61,-1.77,-0.02,0.0,0.0,0.0,0.0,512970.0,512970,2026/4/27 12:13:36
2024-07-25,0.989,0.992,0.987,0.987,5900.0,5823.3,0.51,-1.0,-0.01,0.0,0.0,0.0,0.0,512970.0,512970,2026/4/27 12:13:36
2024-07-26,0.997,1.019,0.997,1.017,4700.0,4779.9,2.21,3.04,0.03,0.0,0.0,0.0,0.0,512970.0,512970,2026/4/27 12:13:36
2024-07-29,0.993,1.0,0.993,0.997,44700.0,44565.9,0.7,-1.97,-0.02,0.0,0.0,0.0,0.0,512970.0,512970,2026/4/27 12:13:36
2024-07-30,0.987,0.987,0.98,0.987,18800.0,18555.6,0.71,-1.0,-0.01,0.0,0.0,0.0,0.0,512970.0,512970,2026/4/27 12:13:36
2024-07-31,0.992,1.011,0.992,1.004,52200.0,52408.8,1.92,1.72,0.02,0.0,0.0,0.0,0.0,512970.0,512970,2026/4/27 12:13:36
2024-08-01,1.014,1.014,1.005,1.005,30300.0,30451.5,0.9,0.1,0.0,0.0,0.0,0.0,0.0,512970.0,512970,2026/4/27 12:13:36
2024-08-02,1.002,1.003,0.995,0.995,54800.0,54526.0,0.8,-1.0,-0.01,0.0,0.0,0.0,0.0,512970.0,512970,2026/4/27 12:13:36
2024-08-05,0.995,0.998,0.977,0.977,59100.0,57740.7,2.15,-1.81,-0.02,0.0,0.0,0.0,0.0,512970.0,512970,2026/4/27 12:13:36
2024-08-06,0.984,0.984,0.973,0.973,20000.0,19460.0,1.13,-0.41,-0.0,0.0,0.0,0.0,0.0,512970.0,512970,2026/4/27 12:13:36
2024-08-07,0.977,0.979,0.967,0.978,19500.0,19071.0,1.24,0.51,0.01,0.0,0.0,0.0,0.0,512970.0,512970,2026/4/27 12:13:36
2024-08-08,0.972,0.979,0.969,0.975,27200.0,26520.0,1.03,-0.31,-0.0,0.0,0.0,0.0,0.0,512970.0,512970,2026/4/27 12:13:36
2024-08-09,0.985,0.986,0.981,0.981,17200.0,16873.2,0.51,0.62,0.01,0.0,0.0,0.0,0.0,512970.0,512970,2026/4/27 12:13:36
2024-08-12,0.975,0.978,0.972,0.975,16500.0,16087.5,0.62,-0.61,-0.01,0.0,0.0,0.0,0.0,512970.0,512970,2026/4/27 12:13:36
2024-08-13,0.973,0.973,0.969,0.969,11000.0,10659.0,0.41,-0.62,-0.01,0.0,0.0,0.0,0.0,512970.0,512970,2026/4/27 12:13:36
2024-08-14,0.968,0.971,0.967,0.967,7200.0,6962.4,0.41,-0.21,-0.0,0.0,0.0,0.0,0.0,512970.0,512970,2026/4/27 12:13:36
2024-08-15,0.972,0.977,0.972,0.972,15300.0,14871.6,0.51,0.52,0.01,0.0,0.0,0.0,0.0,512970.0,512970,2026/4/27 12:13:36
2024-08-16,0.978,0.982,0.977,0.977,19900.0,19442.3,0.51,0.51,0.01,0.0,0.0,0.0,0.0,512970.0,512970,2026/4/27 12:13:36
2024-08-19,0.983,0.991,0.979,0.979,35000.0,34265.0,1.23,0.2,0.0,0.0,0.0,0.0,0.0,512970.0,512970,2026/4/27 12:13:36
2024-08-20,0.976,0.99,0.972,0.972,24900.0,24202.8,1.85,-0.72,-0.01,0.0,0.0,0.0,0.0,512970.0,512970,2026/4/27 12:13:36
2024-08-21,0.977,0.981,0.975,0.98,14300.0,14014.0,0.62,0.82,0.01,0.0,0.0,0.0,0.0,512970.0,512970,2026/4/27 12:13:36
2024-08-22,0.977,0.977,0.972,0.972,70200.0,68234.4,0.51,-0.82,-0.01,0.0,0.0,0.0,0.0,512970.0,512970,2026/4/27 12:13:36
2024-08-23,0.97,0.976,0.97,0.975,9400.0,9165.0,0.62,0.31,0.0,0.0,0.0,0.0,0.0,512970.0,512970,2026/4/27 12:13:36
2024-08-26,0.982,0.982,0.98,0.98,9000.0,8820.0,0.2,0.51,0.01,0.0,0.0,0.0,0.0,512970.0,512970,2026/4/27 12:13:36
2024-08-27,0.977,0.977,0.968,0.974,32300.0,31460.2,0.93,-0.61,-0.01,0.0,0.0,0.0,0.0,512970.0,512970,2026/4/27 12:13:36
2024-08-28,0.971,0.971,0.962,0.969,116900.0,113276.1,0.94,-0.51,-0.01,0.0,0.0,0.0,0.0,512970.0,512970,2026/4/27 12:13:36
2024-08-29,0.968,0.974,0.968,0.97,25000.0,24250.0,0.62,0.1,0.0,0.0,0.0,0.0,0.0,512970.0,512970,2026/4/27 12:13:36
2024-08-30,0.988,1.004,0.988,1.0,117500.0,117500.0,1.62,3.09,0.03,0.0,0.0,0.0,0.0,512970.0,512970,2026/4/27 12:13:36
2024-09-02,0.996,1.099,0.979,0.979,833000.0,815507.0,12.26,-2.1,-0.02,0.0,0.0,0.0,0.0,512970.0,512970,2026/4/27 12:13:36
2024-09-03,0.977,0.99,0.977,0.99,158900.0,157311.0,1.33,1.12,0.01,0.0,0.0,0.0,0.0,512970.0,512970,2026/4/27 12:13:36
2024-09-04,0.986,0.986,0.98,0.982,177800.0,174599.6,0.61,-0.81,-0.01,0.0,0.0,0.0,0.0,512970.0,512970,2026/4/27 12:13:36
2024-09-05,0.985,0.985,0.983,0.985,7800.0,7683.0,0.2,0.31,0.0,0.0,0.0,0.0,0.0,512970.0,512970,2026/4/27 12:13:36
2024-09-06,0.984,0.984,0.976,0.976,40700.0,39723.2,0.82,-0.91,-0.01,0.0,0.0,0.0,0.0,512970.0,512970,2026/4/27 12:13:36
2024-09-09,0.986,1.06,0.96,1.008,1465500.0,1477224.0,10.42,3.28,0.03,0.0,0.0,0.0,0.0,512970.0,512970,2026/4/27 12:13:36
2024-09-10,0.976,0.989,0.959,0.989,181400.0,179404.6,3.13,-1.88,-0.02,0.0,0.0,0.0,0.0,512970.0,512970,2026/4/27 12:13:36
2024-09-11,0.96,0.971,0.96,0.965,382500.0,369112.5,1.15,-2.43,-0.02,0.0,0.0,0.0,0.0,512970.0,512970,2026/4/27 12:13:36
2024-09-12,0.965,0.974,0.961,0.961,589500.0,566509.5,1.35,-0.41,-0.0,0.0,0.0,0.0,0.0,512970.0,512970,2026/4/27 12:13:36
2024-09-13,0.961,0.97,0.961,0.963,212400.0,204541.2,0.94,0.21,0.0,0.0,0.0,0.0,0.0,512970.0,512970,2026/4/27 12:13:36
2024-09-18,0.962,0.962,0.957,0.961,9600.0,9225.6,0.52,-0.21,-0.0,0.0,0.0,0.0,0.0,512970.0,512970,2026/4/27 12:13:36
2024-09-19,0.968,0.973,0.961,0.97,91200.0,88464.0,1.25,0.94,0.01,0.0,0.0,0.0,0.0,512970.0,512970,2026/4/27 12:13:36
2024-09-20,0.97,0.979,0.966,0.977,27200.0,26574.4,1.35,0.72,0.01,0.0,0.0,0.0,0.0,512970.0,512970,2026/4/27 12:13:36
2024-09-23,0.977,0.979,0.972,0.977,46200.0,45137.4,0.72,0.0,0.0,0.0,0.0,0.0,0.0,512970.0,512970,2026/4/27 12:13:36
2024-09-24,0.98,1.008,0.978,1.008,142600.0,143740.8,3.07,3.17,0.03,0.0,0.0,0.0,0.0,512970.0,512970,2026/4/27 12:13:36
2024-09-25,1.018,1.043,1.003,1.023,200200.0,204804.6,3.99,1.49,0.01,0.0,0.0,0.0,0.0,512970.0,512970,2026/4/27 12:13:36
2024-09-26,1.021,1.054,1.016,1.054,136200.0,143554.8,3.74,3.03,0.03,0.0,0.0,0.0,0.0,512970.0,512970,2026/4/27 12:13:36
2024-09-27,1.061,1.094,1.061,1.094,170300.0,186308.2,3.11,3.8,0.04,0.0,0.0,0.0,0.0,512970.0,512970,2026/4/27 12:13:36
2024-09-30,1.13,1.203,1.1,1.203,635600.0,764626.8,9.36,9.96,0.11,0.0,0.0,0.0,0.0,512970.0,512970,2026/4/27 12:13:36
2024-10-08,1.323,1.323,1.22,1.323,893000.0,1181439.0,8.44,9.98,0.12,0.0,0.0,0.0,0.0,512970.0,512970,2026/4/27 12:13:36
2024-10-09,1.315,1.319,1.192,1.227,428700.0,526014.9,10.65,-7.26,-0.1,0.0,0.0,0.0,0.0,512970.0,512970,2026/4/27 12:13:36
2024-10-10,1.225,1.258,1.18,1.228,461200.0,566353.6,6.61,0.08,0.0,0.0,0.0,0.0,0.0,512970.0,512970,2026/4/27 12:13:36
2024-10-11,1.218,1.235,1.161,1.18,585900.0,691362.0,6.37,-3.91,-0.05,0.0,0.0,0.0,0.0,512970.0,512970,2026/4/27 12:13:36
2024-10-14,1.188,1.206,1.177,1.204,371300.0,447045.2,2.46,2.03,0.02,0.0,0.0,0.0,0.0,512970.0,512970,2026/4/27 12:13:36
2024-10-15,1.214,1.214,1.182,1.182,137300.0,162288.6,2.71,-1.83,-0.02,0.0,0.0,0.0,0.0,512970.0,512970,2026/4/27 12:13:36
2024-10-16,1.183,1.183,1.164,1.169,27400.0,32030.6,1.63,-1.1,-0.01,0.0,0.0,0.0,0.0,512970.0,512970,2026/4/27 12:13:36
2024-10-17,1.233,1.283,1.156,1.156,3800200.0,4393031.2,10.99,-1.11,-0.01,0.0,0.0,0.0,0.0,512970.0,512970,2026/4/27 12:13:36
2024-10-18,1.15,1.217,1.15,1.203,2029100.0,2441007.3,5.83,4.07,0.05,0.0,0.0,0.0,0.0,512970.0,512970,2026/4/27 12:13:36
2024-10-21,1.193,1.218,1.193,1.201,1039300.0,1248199.3,2.1,-0.17,-0.0,0.0,0.0,0.0,0.0,512970.0,512970,2026/4/27 12:13:36
2024-10-22,1.2,1.223,1.182,1.215,798700.0,970420.5,3.47,1.17,0.01,0.0,0.0,0.0,0.0,512970.0,512970,2026/4/27 12:13:36
2024-10-23,1.221,1.235,1.214,1.219,235700.0,287318.3,1.73,0.33,0.0,0.0,0.0,0.0,0.0,512970.0,512970,2026/4/27 12:13:36
2024-10-24,1.209,1.217,1.204,1.206,584500.0,704907.0,1.08,-1.07,-0.01,0.0,0.0,0.0,0.0,512970.0,512970,2026/4/27 12:13:36
2024-10-25,1.215,1.223,1.21,1.217,211500.0,257395.5,1.07,0.91,0.01,0.0,0.0,0.0,0.0,512970.0,512970,2026/4/27 12:13:36
2024-10-28,1.222,1.222,1.205,1.22,170400.0,207888.0,1.41,0.25,0.0,0.0,0.0,0.0,0.0,512970.0,512970,2026/4/27 12:13:36
2024-10-29,1.221,1.228,1.212,1.214,82900.0,100640.6,1.32,-0.49,-0.01,0.0,0.0,0.0,0.0,512970.0,512970,2026/4/27 12:13:36
2024-10-30,1.214,1.222,1.203,1.209,122400.0,147981.6,1.58,-0.41,-0.0,0.0,0.0,0.0,0.0,512970.0,512970,2026/4/27 12:13:36
2024-10-31,1.206,1.22,1.206,1.207,67900.0,81955.3,1.16,-0.17,-0.0,0.0,0.0,0.0,0.0,512970.0,512970,2026/4/27 12:13:36
2024-11-01,1.211,1.213,1.199,1.206,55700.0,67174.2,1.17,-0.08,-0.0,0.0,0.0,0.0,0.0,512970.0,512970,2026/4/27 12:13:36
2024-11-04,1.213,1.221,1.21,1.22,107300.0,130906.0,0.91,1.16,0.01,0.0,0.0,0.0,0.0,512970.0,512970,2026/4/27 12:13:36
2024-11-05,1.212,1.253,1.212,1.25,370200.0,462750.0,3.38,2.46,0.03,0.0,0.0,0.0,0.0,512970.0,512970,2026/4/27 12:13:36
2024-11-06,1.247,1.252,1.234,1.239,195300.0,241976.7,1.46,-0.88,-0.01,0.0,0.0,0.0,0.0,512970.0,512970,2026/4/27 12:13:36
2024-11-07,1.22,1.266,1.22,1.266,149700.0,189520.2,3.77,2.18,0.03,0.0,0.0,0.0,0.0,512970.0,512970,2026/4/27 12:13:36
2024-11-08,1.266,1.299,1.26,1.26,375400.0,473004.0,3.1,-0.47,-0.01,0.0,0.0,0.0,0.0,512970.0,512970,2026/4/27 12:13:36
2024-11-11,1.254,1.276,1.25,1.276,321036.0,409641.94,2.08,1.27,0.02,0.0,0.0,0.0,0.0,512970.0,512970,2026/4/27 12:13:36
2024-11-12,1.286,1.292,1.234,1.264,325000.0,410800.0,4.7,-0.94,-0.01,0.0,0.0,0.0,0.0,512970.0,512970,2026/4/27 12:13:36
2024-11-13,1.264,1.268,1.25,1.268,91300.0,115768.4,1.44,0.32,0.0,0.0,0.0,0.0,0.0,512970.0,512970,2026/4/27 12:13:36
2024-11-14,1.268,1.268,1.24,1.24,37300.0,46252.0,2.26,-2.21,-0.03,0.0,0.0,0.0,0.0,512970.0,512970,2026/4/27 12:13:36
2024-11-15,1.263,1.281,1.193,1.193,100800.0,120254.4,7.38,-3.79,-0.05,0.0,0.0,0.0,0.0,512970.0,512970,2026/4/27 12:13:36
2024-11-18,1.221,1.221,1.189,1.196,196900.0,235492.4,2.69,0.25,0.0,0.0,0.0,0.0,0.0,512970.0,512970,2026/4/27 12:13:36
2024-11-19,1.196,1.201,1.18,1.201,191900.0,230471.9,1.78,0.42,0.01,0.0,0.0,0.0,0.0,512970.0,512970,2026/4/27 12:13:36
2024-11-20,1.204,1.217,1.204,1.214,412800.0,501139.2,1.08,1.08,0.01,0.0,0.0,0.0,0.0,512970.0,512970,2026/4/27 12:13:36
2024-11-21,1.208,1.214,1.204,1.207,142300.0,171756.1,0.83,-0.58,-0.01,0.0,0.0,0.0,0.0,512970.0,512970,2026/4/27 12:13:36
2024-11-22,1.205,1.205,1.173,1.179,36700.0,43269.3,2.73,-2.32,-0.03,0.0,0.0,0.0,0.0,512970.0,512970,2026/4/27 12:13:36
2024-11-25,1.17,1.171,1.157,1.16,47700.0,55332.0,1.21,-1.61,-0.02,0.0,0.0,0.0,0.0,512970.0,512970,2026/4/27 12:13:36
2024-11-26,1.161,1.176,1.161,1.164,34300.0,39925.2,1.29,0.34,0.0,0.0,0.0,0.0,0.0,512970.0,512970,2026/4/27 12:13:36
2024-11-27,1.158,1.18,1.158,1.18,20800.0,24544.0,1.9,1.37,0.02,0.0,0.0,0.0,0.0,512970.0,512970,2026/4/27 12:13:36
2024-11-28,1.18,1.18,1.171,1.171,26300.0,30797.3,0.77,-0.76,-0.01,0.0,0.0,0.0,0.0,512970.0,512970,2026/4/27 12:13:36
2024-11-29,1.169,1.189,1.169,1.185,12800.0,15168.0,1.71,1.2,0.01,0.0,0.0,0.0,0.0,512970.0,512970,2026/4/27 12:13:36
2024-12-02,1.19,1.205,1.185,1.2,242700.0,291240.0,1.69,1.27,0.01,0.0,0.0,0.0,0.0,512970.0,512970,2026/4/27 12:13:36
2024-12-03,1.195,1.198,1.19,1.198,31900.0,38216.2,0.67,-0.17,-0.0,0.0,0.0,0.0,0.0,512970.0,512970,2026/4/27 12:13:36
2024-12-04,1.192,1.195,1.183,1.184,26100.0,30902.4,1.01,-1.17,-0.01,0.0,0.0,0.0,0.0,512970.0,512970,2026/4/27 12:13:36
2024-12-05,1.19,1.19,1.18,1.183,5300.0,6269.9,0.85,-0.08,-0.0,0.0,0.0,0.0,0.0,512970.0,512970,2026/4/27 12:13:36
2024-12-06,1.188,1.209,1.188,1.206,36000.0,43416.0,1.77,1.94,0.02,0.0,0.0,0.0,0.0,512970.0,512970,2026/4/27 12:13:36
2024-12-09,1.202,1.208,1.2,1.201,13600.0,16333.6,0.67,-0.41,-0.0,0.0,0.0,0.0,0.0,512970.0,512970,2026/4/27 12:13:36
2024-12-10,1.211,1.319,1.21,1.214,190900.0,231752.6,9.01,1.08,0.01,0.0,0.0,0.0,0.0,512970.0,512970,2026/4/27 12:13:36
2024-12-11,1.214,1.218,1.212,1.218,413200.0,503277.6,0.5,0.33,0.0,0.0,0.0,0.0,0.0,512970.0,512970,2026/4/27 12:13:36
2024-12-12,1.218,1.25,1.211,1.224,64900.0,79437.6,3.22,0.49,0.01,0.0,0.0,0.0,0.0,512970.0,512970,2026/4/27 12:13:36
2024-12-13,1.214,1.246,1.196,1.22,466000.0,568520.0,4.18,-0.33,-0.0,0.0,0.0,0.0,0.0,512970.0,512970,2026/4/27 12:13:36
2024-12-16,1.225,1.29,1.182,1.186,566400.0,671750.4,9.14,-2.79,-0.03,0.0,0.0,0.0,0.0,512970.0,512970,2026/4/27 12:13:36
2024-12-17,1.183,1.197,1.182,1.186,244800.0,290332.8,1.27,0.0,0.0,0.0,0.0,0.0,0.0,512970.0,512970,2026/4/27 12:13:36
2024-12-18,1.186,1.197,1.186,1.191,86600.0,103140.6,0.93,0.42,0.01,0.0,0.0,0.0,0.0,512970.0,512970,2026/4/27 12:13:36
2024-12-19,1.195,1.208,1.183,1.206,177400.0,213944.4,2.11,1.26,0.01,0.0,0.0,0.0,0.0,512970.0,512970,2026/4/27 12:13:36
2024-12-20,1.207,1.209,1.199,1.2,60800.0,72960.0,0.83,-0.5,-0.01,0.0,0.0,0.0,0.0,512970.0,512970,2026/4/27 12:13:36
2024-12-23,1.203,1.203,1.19,1.192,80800.0,96313.6,1.09,-0.67,-0.01,0.0,0.0,0.0,0.0,512970.0,512970,2026/4/27 12:13:36
2024-12-24,1.196,1.212,1.196,1.21,43700.0,52877.0,1.34,1.51,0.02,0.0,0.0,0.0,0.0,512970.0,512970,2026/4/27 12:13:36
2024-12-25,1.21,1.21,1.202,1.205,49100.0,59165.5,0.67,-0.41,-0.0,0.0,0.0,0.0,0.0,512970.0,512970,2026/4/27 12:13:36
2024-12-26,1.206,1.218,1.206,1.218,41800.0,50912.4,1.0,1.08,0.01,0.0,0.0,0.0,0.0,512970.0,512970,2026/4/27 12:13:36
2024-12-27,1.219,1.22,1.215,1.215,46100.0,56011.5,0.41,-0.25,-0.0,0.0,0.0,0.0,0.0,512970.0,512970,2026/4/27 12:13:36
2024-12-30,1.219,1.224,1.215,1.215,21300.0,25879.5,0.74,0.0,0.0,0.0,0.0,0.0,0.0,512970.0,512970,2026/4/27 12:13:36
2024-12-31,1.208,1.208,1.203,1.203,13700.0,16481.1,0.42,-0.99,-0.01,0.0,0.0,0.0,0.0,512970.0,512970,2026/4/27 12:13:36
2025-01-02,1.194,1.209,1.152,1.152,87100.0,100339.2,4.95,-4.24,-0.05,0.0,0.0,0.0,0.0,512970.0,512970,2026/4/27 12:13:36
2025-01-03,1.157,1.16,1.14,1.142,36500.0,41683.0,1.75,-0.87,-0.01,0.0,0.0,0.0,0.0,512970.0,512970,2026/4/27 12:13:36
2025-01-06,1.134,1.16,1.134,1.134,72200.0,81874.8,2.29,-0.7,-0.01,0.0,0.0,0.0,0.0,512970.0,512970,2026/4/27 12:13:36
2025-01-07,1.134,1.151,1.134,1.151,29400.0,33839.4,1.5,1.5,0.02,0.0,0.0,0.0,0.0,512970.0,512970,2026/4/27 12:13:36
2025-01-08,1.143,1.148,1.127,1.144,26900.0,30773.6,1.86,-0.61,-0.01,0.0,0.0,0.0,0.0,512970.0,512970,2026/4/27 12:13:36
2025-01-09,1.149,1.154,1.149,1.153,14400.0,16603.2,0.44,0.79,0.01,0.0,0.0,0.0,0.0,512970.0,512970,2026/4/27 12:13:36
2025-01-10,1.144,1.144,1.138,1.138,16300.0,18549.4,0.53,-1.3,-0.02,0.0,0.0,0.0,0.0,512970.0,512970,2026/4/27 12:13:36
2025-01-13,1.127,1.249,1.123,1.133,2308200.0,2615190.6,11.22,-0.44,-0.0,0.0,0.0,0.0,0.0,512970.0,512970,2026/4/27 12:13:36
2025-01-14,1.124,1.162,1.124,1.161,1922300.0,2231790.3,3.38,2.47,0.03,0.0,0.0,0.0,0.0,512970.0,512970,2026/4/27 12:13:36
2025-01-15,1.157,1.161,1.127,1.155,458900.0,530029.5,3.02,-0.52,-0.01,0.0,0.0,0.0,0.0,512970.0,512970,2026/4/27 12:13:36
2025-01-16,1.163,1.171,1.145,1.151,358400.0,412518.4,2.27,-0.35,-0.0,0.0,0.0,0.0,0.0,512970.0,512970,2026/4/27 12:13:36
2025-01-17,1.145,1.164,1.145,1.16,182800.0,212048.0,1.66,0.78,0.01,0.0,0.0,0.0,0.0,512970.0,512970,2026/4/27 12:13:36
2025-01-20,1.17,1.18,1.17,1.177,55400.0,65205.8,0.85,1.47,0.02,0.0,0.0,0.0,0.0,512970.0,512970,2026/4/27 12:13:36
2025-01-21,1.17,1.182,1.17,1.182,47900.0,56617.8,1.03,0.42,0.0,0.0,0.0,0.0,0.0,512970.0,512970,2026/4/27 12:13:36
2025-01-22,1.174,1.174,1.168,1.171,18700.0,21897.7,0.51,-0.93,-0.01,0.0,0.0,0.0,0.0,512970.0,512970,2026/4/27 12:13:36
2025-01-23,1.181,1.19,1.179,1.179,19800.0,23344.2,0.93,0.68,0.01,0.0,0.0,0.0,0.0,512970.0,512970,2026/4/27 12:13:36
2025-01-24,1.169,1.181,1.169,1.181,17100.0,20195.1,1.03,0.17,0.0,0.0,0.0,0.0,0.0,512970.0,512970,2026/4/27 12:13:36
2025-01-27,1.173,1.173,1.167,1.168,22400.0,26163.2,0.51,-1.1,-0.01,0.0,0.0,0.0,0.0,512970.0,512970,2026/4/27 12:13:36
2025-02-05,1.167,1.174,1.164,1.173,73200.0,85863.6,0.86,0.43,0.01,0.0,0.0,0.0,0.0,512970.0,512970,2026/4/27 12:13:36
2025-02-06,1.172,1.204,1.172,1.201,46400.0,55726.4,2.73,2.39,0.03,0.0,0.0,0.0,0.0,512970.0,512970,2026/4/27 12:13:36
2025-02-07,1.206,1.234,1.206,1.225,301000.0,368725.0,2.32,2.0,0.02,0.0,0.0,0.0,0.0,512970.0,512970,2026/4/27 12:13:36
2025-02-10,1.221,1.23,1.22,1.227,26200.0,32147.4,0.82,0.16,0.0,0.0,0.0,0.0,0.0,512970.0,512970,2026/4/27 12:13:36
2025-02-11,1.226,1.228,1.22,1.221,8200.0,10012.2,0.66,-0.49,-0.01,0.0,0.0,0.0,0.0,512970.0,512970,2026/4/27 12:13:36
2025-02-12,1.212,1.243,1.212,1.218,233800.0,284768.4,2.56,-0.25,-0.0,0.0,0.0,0.0,0.0,512970.0,512970,2026/4/27 12:13:36
2025-02-13,1.24,1.241,1.228,1.23,188900.0,232347.0,1.06,0.99,0.01,0.0,0.0,0.0,0.0,512970.0,512970,2026/4/27 12:13:36
2025-02-14,1.23,1.246,1.23,1.245,152100.0,189364.5,1.3,1.22,0.02,0.0,0.0,0.0,0.0,512970.0,512970,2026/4/27 12:13:36
2025-02-17,1.254,1.254,1.234,1.247,384800.0,479845.6,1.62,0.16,0.0,0.0,0.0,0.0,0.0,512970.0,512970,2026/4/27 12:13:36
2025-02-18,1.238,1.252,1.228,1.235,154000.0,190190.0,1.95,-0.96,-0.01,0.0,0.0,0.0,0.0,512970.0,512970,2026/4/27 12:13:36
2025-02-19,1.235,1.249,1.235,1.246,30000.0,37380.0,1.13,0.89,0.01,0.0,0.0,0.0,0.0,512970.0,512970,2026/4/27 12:13:36
2025-02-20,1.246,1.255,1.244,1.249,163300.0,203961.7,0.88,0.24,0.0,0.0,0.0,0.0,0.0,512970.0,512970,2026/4/27 12:13:36
2025-02-21,1.252,1.275,1.252,1.273,345100.0,439312.3,1.84,1.92,0.02,0.0,0.0,0.0,0.0,512970.0,512970,2026/4/27 12:13:36
2025-02-24,1.275,1.287,1.25,1.274,341800.0,435453.2,2.96,0.08,0.0,0.0,0.0,0.0,0.0,512970.0,512970,2026/4/27 12:13:36
2025-02-25,1.264,1.274,1.244,1.274,357300.0,455200.2,2.41,0.0,0.0,0.0,0.0,0.0,0.0,512970.0,512970,2026/4/27 12:13:36
2025-02-26,1.264,1.277,1.26,1.277,21600.0,27583.2,1.35,0.24,0.0,0.0,0.0,0.0,0.0,512970.0,512970,2026/4/27 12:13:36
2025-02-27,1.267,1.275,1.252,1.27,27500.0,34925.0,1.84,-0.55,-0.01,0.0,0.0,0.0,0.0,512970.0,512970,2026/4/27 12:13:36
2025-02-28,1.257,1.28,1.24,1.241,50300.0,62422.3,3.23,-2.28,-0.03,0.0,0.0,0.0,0.0,512970.0,512970,2026/4/27 12:13:36
2025-03-03,1.233,1.251,1.228,1.236,28400.0,35102.4,1.87,-0.4,-0.01,0.0,0.0,0.0,0.0,512970.0,512970,2026/4/27 12:13:36
2025-03-04,1.227,1.237,1.225,1.236,20900.0,25832.4,0.98,0.0,0.0,0.0,0.0,0.0,0.0,512970.0,512970,2026/4/27 12:13:36
2025-03-05,1.246,1.246,1.226,1.24,56900.0,70556.0,1.63,0.32,0.0,0.0,0.0,0.0,0.0,512970.0,512970,2026/4/27 12:13:36
2025-03-06,1.246,1.265,1.216,1.261,109500.0,138079.5,4.03,1.69,0.02,0.0,0.0,0.0,0.0,512970.0,512970,2026/4/27 12:13:36
2025-03-07,1.25,1.261,1.247,1.256,26900.0,33786.4,1.12,-0.4,-0.0,0.0,0.0,0.0,0.0,512970.0,512970,2026/4/27 12:13:36
2025-03-10,1.245,1.254,1.242,1.248,52800.0,65894.4,0.97,-0.64,-0.01,0.0,0.0,0.0,0.0,512970.0,512970,2026/4/27 12:13:36
2025-03-11,1.248,1.248,1.237,1.244,33000.0,41052.0,0.89,-0.32,-0.0,0.0,0.0,0.0,0.0,512970.0,512970,2026/4/27 12:13:36
2025-03-12,1.244,1.257,1.244,1.247,12300.0,15338.1,1.05,0.24,0.0,0.0,0.0,0.0,0.0,512970.0,512970,2026/4/27 12:13:36
2025-03-13,1.245,1.247,1.234,1.234,1115700.0,1376773.8,1.05,-1.04,-0.01,0.0,0.0,0.0,0.0,512970.0,512970,2026/4/27 12:13:36
2025-03-14,1.239,1.27,1.239,1.27,218700.0,277749.0,2.5,2.92,0.04,0.0,0.0,0.0,0.0,512970.0,512970,2026/4/27 12:13:36
2025-03-17,1.279,1.279,1.266,1.267,243900.0,309021.3,1.03,-0.24,-0.0,0.0,0.0,0.0,0.0,512970.0,512970,2026/4/27 12:13:36
2025-03-18,1.273,1.286,1.265,1.282,141000.0,180762.0,1.66,1.18,0.02,0.0,0.0,0.0,0.0,512970.0,512970,2026/4/27 12:13:36
2025-03-19,1.274,1.281,1.274,1.277,39200.0,50058.4,0.55,-0.39,-0.01,0.0,0.0,0.0,0.0,512970.0,512970,2026/4/27 12:13:36
2025-03-20,1.273,1.274,1.264,1.264,56200.0,71036.8,0.79,-1.02,-0.01,0.0,0.0,0.0,0.0,512970.0,512970,2026/4/27 12:13:36
2025-03-21,1.254,1.287,1.213,1.244,36800.0,45779.2,6.1,-1.58,-0.02,0.0,0.0,0.0,0.0,512970.0,512970,2026/4/27 12:13:36
2025-03-24,1.242,1.245,1.24,1.24,140800.0,174592.0,0.4,-0.32,-0.0,0.0,0.0,0.0,0.0,512970.0,512970,2026/4/27 12:13:36
2025-03-25,1.25,1.25,1.236,1.236,35000.0,43260.0,1.13,-0.32,-0.0,0.0,0.0,0.0,0.0,512970.0,512970,2026/4/27 12:13:36
2025-03-26,1.234,1.237,1.232,1.237,15700.0,19420.9,0.41,0.08,0.0,0.0,0.0,0.0,0.0,512970.0,512970,2026/4/27 12:13:36
2025-03-27,1.231,1.243,1.231,1.24,68500.0,84940.0,0.97,0.24,0.0,0.0,0.0,0.0,0.0,512970.0,512970,2026/4/27 12:13:36
2025-03-28,1.24,1.24,1.233,1.236,53900.0,66620.4,0.57,-0.32,-0.0,0.0,0.0,0.0,0.0,512970.0,512970,2026/4/27 12:13:36
2025-03-31,1.226,1.232,1.219,1.219,26900.0,32791.1,1.07,-1.38,-0.02,0.0,0.0,0.0,0.0,512970.0,512970,2026/4/27 12:13:36
2025-04-01,1.225,1.225,1.218,1.218,55300.0,67355.4,0.57,-0.08,-0.0,0.0,0.0,0.0,0.0,512970.0,512970,2026/4/27 12:13:36
2025-04-02,1.218,1.219,1.212,1.215,157400.0,191241.0,0.58,-0.25,-0.0,0.0,0.0,0.0,0.0,512970.0,512970,2026/4/27 12:13:36
2025-04-03,1.209,1.209,1.194,1.194,22400.0,26745.6,1.26,-1.73,-0.02,0.0,0.0,0.0,0.0,512970.0,512970,2026/4/27 12:13:36
2025-04-07,1.128,1.135,1.08,1.084,130900.0,141895.6,5.09,-9.21,-0.11,0.0,0.0,0.0,0.0,512970.0,512970,2026/4/27 12:13:36
2025-04-08,1.084,1.096,1.079,1.096,411100.0,450565.6,1.58,1.11,0.01,0.0,0.0,0.0,0.0,512970.0,512970,2026/4/27 12:13:36
2025-04-09,1.096,1.108,1.076,1.106,234000.0,258804.0,2.97,0.91,0.01,0.0,0.0,0.0,0.0,512970.0,512970,2026/4/27 12:13:36
2025-04-10,1.116,1.145,1.116,1.138,74500.0,84781.0,2.6,2.89,0.03,0.0,0.0,0.0,0.0,512970.0,512970,2026/4/27 12:13:36
2025-04-11,1.128,1.15,1.117,1.15,181100.0,208265.0,2.95,1.05,0.01,0.0,0.0,0.0,0.0,512970.0,512970,2026/4/27 12:13:36
2025-04-14,1.156,1.156,1.145,1.148,58000.0,66584.0,0.96,-0.17,-0.0,0.0,0.0,0.0,0.0,512970.0,512970,2026/4/27 12:13:36
2025-04-15,1.148,1.153,1.139,1.153,54700.0,63069.1,1.23,0.44,0.01,0.0,0.0,0.0,0.0,512970.0,512970,2026/4/27 12:13:36
2025-04-16,1.148,1.148,1.128,1.139,66000.0,75174.0,1.77,-1.21,-0.01,0.0,0.0,0.0,0.0,512970.0,512970,2026/4/27 12:13:36
2025-04-17,1.139,1.145,1.139,1.145,4900.0,5610.5,0.53,0.53,0.01,0.0,0.0,0.0,0.0,512970.0,512970,2026/4/27 12:13:36
2025-04-18,1.133,1.147,1.133,1.146,42200.0,48361.2,1.24,0.09,0.0,0.0,0.0,0.0,0.0,512970.0,512970,2026/4/27 12:13:36
2025-04-21,1.141,1.15,1.14,1.15,14000.0,16100.0,0.88,0.35,0.0,0.0,0.0,0.0,0.0,512970.0,512970,2026/4/27 12:13:36
2025-04-22,1.148,1.156,1.148,1.156,115800.0,133864.8,0.7,0.52,0.01,0.0,0.0,0.0,0.0,512970.0,512970,2026/4/27 12:13:36
2025-04-23,1.156,1.166,1.156,1.163,8000.0,9304.0,0.87,0.61,0.01,0.0,0.0,0.0,0.0,512970.0,512970,2026/4/27 12:13:36
2025-04-24,1.163,1.166,1.153,1.157,32400.0,37486.8,1.13,-0.52,-0.01,0.0,0.0,0.0,0.0,512970.0,512970,2026/4/27 12:13:36
2025-04-25,1.162,1.168,1.158,1.16,26500.0,30740.0,0.86,0.26,0.0,0.0,0.0,0.0,0.0,512970.0,512970,2026/4/27 12:13:36
2025-04-28,1.155,1.155,1.152,1.152,4600.0,5299.2,0.26,-0.69,-0.01,0.0,0.0,0.0,0.0,512970.0,512970,2026/4/27 12:13:36
2025-04-29,1.152,1.157,1.15,1.152,6700.0,7718.4,0.61,0.0,0.0,0.0,0.0,0.0,0.0,512970.0,512970,2026/4/27 12:13:36
2025-04-30,1.155,1.157,1.153,1.156,28900.0,33408.4,0.35,0.35,0.0,0.0,0.0,0.0,0.0,512970.0,512970,2026/4/27 12:13:36
2025-05-06,1.156,1.171,1.156,1.171,25300.0,29626.3,1.3,1.3,0.02,0.0,0.0,0.0,0.0,512970.0,512970,2026/4/27 12:13:36
2025-05-07,1.181,1.185,1.174,1.179,60300.0,71093.7,0.94,0.68,0.01,0.0,0.0,0.0,0.0,512970.0,512970,2026/4/27 12:13:36
2025-05-08,1.184,1.19,1.184,1.188,14800.0,17582.4,0.51,0.76,0.01,0.0,0.0,0.0,0.0,512970.0,512970,2026/4/27 12:13:36
2025-05-09,1.183,1.187,1.178,1.183,14700.0,17390.1,0.76,-0.42,-0.0,0.0,0.0,0.0,0.0,512970.0,512970,2026/4/27 12:13:36
2025-05-12,1.188,1.2,1.188,1.2,29900.0,35880.0,1.01,1.44,0.02,0.0,0.0,0.0,0.0,512970.0,512970,2026/4/27 12:13:36
2025-05-13,1.206,1.22,1.2,1.22,26200.0,31964.0,1.67,1.67,0.02,0.0,0.0,0.0,0.0,512970.0,512970,2026/4/27 12:13:36
2025-05-14,1.222,1.23,1.2,1.214,85300.0,103554.2,2.5,-0.49,-0.01,0.0,0.0,0.0,0.0,512970.0,512970,2026/4/27 12:13:36
2025-05-15,1.228,1.231,1.196,1.228,692700.0,850635.6,2.93,1.15,0.01,0.0,0.0,0.0,0.0,512970.0,512970,2026/4/27 12:13:36
2025-05-16,1.2,1.213,1.193,1.2,1769100.0,2122920.0,1.68,-2.28,-0.03,0.0,0.0,0.0,0.0,512970.0,512970,2026/4/27 12:13:36
2025-05-19,1.199,1.199,1.186,1.192,283900.0,338408.8,1.1,-0.67,-0.01,0.0,0.0,0.0,0.0,512970.0,512970,2026/4/27 12:13:36
2025-05-20,1.189,1.207,1.189,1.202,968400.0,1164016.8,1.51,0.84,0.01,0.0,0.0,0.0,0.0,512970.0,512970,2026/4/27 12:13:36
2025-05-21,1.202,1.212,1.202,1.208,108000.0,130464.0,0.83,0.5,0.01,0.0,0.0,0.0,0.0,512970.0,512970,2026/4/27 12:13:36
2025-05-22,1.204,1.207,1.196,1.196,120200.0,143759.2,0.92,-0.99,-0.01,0.0,0.0,0.0,0.0,512970.0,512970,2026/4/27 12:13:36
2025-05-23,1.196,1.238,1.196,1.2,48700.0,58440.0,3.51,0.33,0.0,0.0,0.0,0.0,0.0,512970.0,512970,2026/4/27 12:13:36
2025-05-26,1.196,1.196,1.186,1.188,11000.0,13068.0,0.84,-1.0,-0.01,0.0,0.0,0.0,0.0,512970.0,512970,2026/4/27 12:13:36
2025-05-27,1.182,1.189,1.182,1.186,177100.0,210040.6,0.59,-0.17,-0.0,0.0,0.0,0.0,0.0,512970.0,512970,2026/4/27 12:13:36
2025-05-28,1.182,1.189,1.181,1.184,2300.0,2723.2,0.68,-0.17,-0.0,0.0,0.0,0.0,0.0,512970.0,512970,2026/4/27 12:13:36
2025-05-29,1.184,1.198,1.184,1.194,225100.0,268769.4,1.18,0.84,0.01,0.0,0.0,0.0,0.0,512970.0,512970,2026/4/27 12:13:36
2025-05-30,1.225,1.232,1.182,1.221,271600.0,331623.6,4.23,2.26,0.03,0.0,0.0,0.0,0.0,512970.0,512970,2026/4/27 12:13:36
2025-06-03,1.223,1.224,1.18,1.21,1031600.0,1248236.0,3.73,-0.9,-0.01,0.0,0.0,0.0,0.0,512970.0,512970,2026/4/27 12:13:36
2025-06-04,1.201,1.201,1.185,1.193,830400.0,990667.2,1.35,-1.4,-0.02,0.0,0.0,0.0,0.0,512970.0,512970,2026/4/27 12:13:36
2025-06-05,1.188,1.197,1.186,1.194,637100.0,760697.4,0.93,0.08,0.0,0.0,0.0,0.0,0.0,512970.0,512970,2026/4/27 12:13:36
2025-06-06,1.194,1.198,1.192,1.194,88300.0,105430.2,0.5,0.0,0.0,0.0,0.0,0.0,0.0,512970.0,512970,2026/4/27 12:13:36
2025-06-09,1.198,1.199,1.192,1.196,305800.0,365736.8,0.59,0.17,0.0,0.0,0.0,0.0,0.0,512970.0,512970,2026/4/27 12:13:36
2025-06-10,1.194,1.201,1.184,1.185,100500.0,119092.5,1.44,-0.92,-0.01,0.0,0.0,0.0,0.0,512970.0,512970,2026/4/27 12:13:36
2025-06-11,1.197,1.208,1.196,1.206,630300.0,760141.8,1.0,1.77,0.02,0.0,0.0,0.0,0.0,512970.0,512970,2026/4/27 12:13:36
2025-06-12,1.206,1.206,1.196,1.204,1272300.0,1531849.2,0.84,-0.17,-0.0,0.0,0.0,0.0,0.0,512970.0,512970,2026/4/27 12:13:36
2025-06-13,1.198,1.204,1.189,1.19,294600.0,350574.0,1.26,-1.16,-0.01,0.0,0.0,0.0,0.0,512970.0,512970,2026/4/27 12:13:36
2025-06-16,1.19,1.195,1.189,1.194,304700.0,363811.8,0.5,0.34,0.0,0.0,0.0,0.0,0.0,512970.0,512970,2026/4/27 12:13:36
2025-06-17,1.194,1.199,1.192,1.192,87100.0,103823.2,0.59,-0.17,-0.0,0.0,0.0,0.0,0.0,512970.0,512970,2026/4/27 12:13:36
2025-06-18,1.19,1.197,1.188,1.197,131600.0,157525.2,0.76,0.42,0.01,0.0,0.0,0.0,0.0,512970.0,512970,2026/4/27 12:13:36
2025-06-19,1.195,1.195,1.185,1.186,54200.0,64281.2,0.84,-0.92,-0.01,0.0,0.0,0.0,0.0,512970.0,512970,2026/4/27 12:13:36
2025-06-20,1.191,1.191,1.183,1.19,53400.0,63546.0,0.68,0.34,0.0,0.0,0.0,0.0,0.0,512970.0,512970,2026/4/27 12:13:36
2025-06-23,1.183,1.196,1.18,1.195,169800.0,202911.0,1.36,0.42,0.01,0.0,0.0,0.0,0.0,512970.0,512970,2026/4/27 12:13:36
2025-06-24,1.186,1.207,1.183,1.204,275000.0,331100.0,2.03,0.75,0.01,0.0,0.0,0.0,0.0,512970.0,512970,2026/4/27 12:13:36
2025-06-25,1.196,1.226,1.196,1.222,748200.0,914300.4,2.51,1.5,0.02,0.0,0.0,0.0,0.0,512970.0,512970,2026/4/27 12:13:36
2025-06-26,1.225,1.228,1.218,1.219,780500.0,951429.5,0.82,-0.25,-0.0,0.0,0.0,0.0,0.0,512970.0,512970,2026/4/27 12:13:36
2025-06-27,1.218,1.226,1.209,1.216,41600.0,50585.6,1.41,-0.25,-0.0,0.0,0.0,0.0,0.0,512970.0,512970,2026/4/27 12:13:36
2025-06-30,1.218,1.226,1.218,1.225,76900.0,94202.5,0.66,0.74,0.01,0.0,0.0,0.0,0.0,512970.0,512970,2026/4/27 12:13:36
2025-07-01,1.228,1.228,1.22,1.225,81400.0,99715.0,0.66,0.0,0.0,0.0,0.0,0.0,0.0,512970.0,512970,2026/4/27 12:13:36
2025-07-02,1.218,1.222,1.218,1.22,38200.0,46604.0,0.33,-0.41,-0.01,0.0,0.0,0.0,0.0,512970.0,512970,2026/4/27 12:13:36
2025-07-03,1.223,1.232,1.223,1.229,50300.0,61818.7,0.74,0.74,0.01,0.0,0.0,0.0,0.0,512970.0,512970,2026/4/27 12:13:36
2025-07-04,1.229,1.244,1.228,1.232,118000.0,145376.0,1.3,0.24,0.0,0.0,0.0,0.0,0.0,512970.0,512970,2026/4/27 12:13:36
2025-07-07,1.226,1.232,1.223,1.223,25300.0,30941.9,0.74,-0.73,-0.01,0.0,0.0,0.0,0.0,512970.0,512970,2026/4/27 12:13:36
2025-07-08,1.23,1.24,1.23,1.236,39200.0,48451.2,0.81,1.06,0.01,0.0,0.0,0.0,0.0,512970.0,512970,2026/4/27 12:13:36
2025-07-09,1.24,1.244,1.236,1.236,169700.0,209749.2,0.65,0.0,0.0,0.0,0.0,0.0,0.0,512970.0,512970,2026/4/27 12:13:36
2025-07-10,1.236,1.247,1.235,1.245,39900.0,49675.5,0.97,0.73,0.01,0.0,0.0,0.0,0.0,512970.0,512970,2026/4/27 12:13:36
2025-07-11,1.246,1.255,1.245,1.245,157900.0,196585.5,0.8,0.0,0.0,0.0,0.0,0.0,0.0,512970.0,512970,2026/4/27 12:13:36
2025-07-14,1.241,1.253,1.241,1.251,61500.0,76936.5,0.97,0.48,0.01,0.0,0.0,0.0,0.0,512970.0,512970,2026/4/27 12:13:36
2025-07-15,1.256,1.259,1.24,1.251,59800.0,74809.8,1.53,0.0,0.0,0.0,0.0,0.0,0.0,512970.0,512970,2026/4/27 12:13:36
2025-07-16,1.26,1.26,1.241,1.254,26900.0,33732.6,1.53,0.24,0.0,0.0,0.0,0.0,0.0,512970.0,512970,2026/4/27 12:13:36
2025-07-17,1.244,1.27,1.244,1.27,49200.0,62484.0,2.09,1.28,0.02,0.0,0.0,0.0,0.0,512970.0,512970,2026/4/27 12:13:36
2025-07-18,1.275,1.276,1.272,1.276,21000.0,26796.0,0.31,0.47,0.01,0.0,0.0,0.0,0.0,512970.0,512970,2026/4/27 12:13:36
2025-07-21,1.278,1.278,1.27,1.277,95000.0,121315.0,0.63,0.08,0.0,0.0,0.0,0.0,0.0,512970.0,512970,2026/4/27 12:13:36
2025-07-22,1.28,1.288,1.271,1.283,402000.0,515766.0,1.34,0.47,0.01,0.0,0.0,0.0,0.0,512970.0,512970,2026/4/27 12:13:36
2025-07-23,1.293,1.293,1.277,1.285,260500.0,334742.5,1.25,0.16,0.0,0.0,0.0,0.0,0.0,512970.0,512970,2026/4/27 12:13:36
2025-07-24,1.28,1.292,1.28,1.292,153000.0,197676.0,0.94,0.54,0.01,0.0,0.0,0.0,0.0,512970.0,512970,2026/4/27 12:13:36
2025-07-25,1.293,1.293,1.284,1.287,27700.0,35649.9,0.7,-0.39,-0.01,0.0,0.0,0.0,0.0,512970.0,512970,2026/4/27 12:13:36
2025-07-28,1.302,1.31,1.292,1.304,102800.0,134051.2,1.39,1.32,0.02,0.0,0.0,0.0,0.0,512970.0,512970,2026/4/27 12:13:36
2025-07-29,1.304,1.31,1.297,1.304,44100.0,57506.4,1.0,0.0,0.0,0.0,0.0,0.0,0.0,512970.0,512970,2026/4/27 12:13:36
2025-07-30,1.309,1.316,1.302,1.305,198500.0,259042.5,1.08,0.08,0.0,0.0,0.0,0.0,0.0,512970.0,512970,2026/4/27 12:13:36
2025-07-31,1.303,1.306,1.285,1.286,118900.0,152905.4,1.63,-1.46,-0.02,0.0,0.0,0.0,0.0,512970.0,512970,2026/4/27 12:13:36
2025-08-01,1.296,1.298,1.276,1.288,24400.0,31427.2,1.72,0.16,0.0,0.0,0.0,0.0,0.0,512970.0,512970,2026/4/27 12:13:36
2025-08-04,1.275,1.283,1.275,1.283,28800.0,36950.4,0.63,-0.39,-0.01,0.0,0.0,0.0,0.0,512970.0,512970,2026/4/27 12:13:36
2025-08-05,1.283,1.298,1.262,1.29,325300.0,419637.0,2.85,0.55,0.01,0.0,0.0,0.0,0.0,512970.0,512970,2026/4/27 12:13:36
2025-08-06,1.293,1.301,1.292,1.297,111100.0,144096.7,0.7,0.54,0.01,0.0,0.0,0.0,0.0,512970.0,512970,2026/4/27 12:13:36
2025-08-07,1.304,1.31,1.293,1.299,116000.0,150684.0,1.31,0.15,0.0,0.0,0.0,0.0,0.0,512970.0,512970,2026/4/27 12:13:36
2025-08-08,1.29,1.297,1.29,1.297,13100.0,16990.7,0.54,-0.15,-0.0,0.0,0.0,0.0,0.0,512970.0,512970,2026/4/27 12:13:36
2025-08-11,1.298,1.314,1.297,1.307,98100.0,128216.7,1.31,0.77,0.01,0.0,0.0,0.0,0.0,512970.0,512970,2026/4/27 12:13:36
2025-08-12,1.313,1.324,1.311,1.321,71800.0,94847.8,0.99,1.07,0.01,0.0,0.0,0.0,0.0,512970.0,512970,2026/4/27 12:13:36
2025-08-13,1.321,1.339,1.321,1.336,94300.0,125984.8,1.36,1.14,0.02,0.0,0.0,0.0,0.0,512970.0,512970,2026/4/27 12:13:36
2025-08-14,1.339,1.346,1.328,1.332,190100.0,253213.2,1.36,-0.3,-0.0,0.0,0.0,0.0,0.0,512970.0,512970,2026/4/27 12:13:36
2025-08-15,1.322,1.341,1.322,1.341,53400.0,71609.4,1.44,0.68,0.01,0.0,0.0,0.0,0.0,512970.0,512970,2026/4/27 12:13:36
2025-08-18,1.343,1.37,1.343,1.364,319700.0,436070.8,2.01,1.72,0.02,0.0,0.0,0.0,0.0,512970.0,512970,2026/4/27 12:13:36
2025-08-19,1.376,1.5,1.353,1.359,2625000.0,3567375.0,10.86,-0.37,-0.01,0.0,0.0,0.0,0.0,512970.0,512970,2026/4/27 12:13:36
2025-08-20,1.351,1.369,1.313,1.369,1397600.0,1913314.4,4.27,0.74,0.01,0.0,0.0,0.0,0.0,512970.0,512970,2026/4/27 12:13:36
2025-08-21,1.369,1.379,1.361,1.367,948600.0,1296736.2,1.32,-0.15,-0.0,0.0,0.0,0.0,0.0,512970.0,512970,2026/4/27 12:13:36
2025-08-22,1.392,1.395,1.374,1.395,444400.0,619938.0,1.53,2.05,0.03,0.0,0.0,0.0,0.0,512970.0,512970,2026/4/27 12:13:36
2025-08-25,1.397,1.426,1.396,1.425,580800.0,827640.0,2.15,2.15,0.03,0.0,0.0,0.0,0.0,512970.0,512970,2026/4/27 12:13:36
2025-08-26,1.419,1.442,1.419,1.426,549600.0,783729.6,1.62,0.07,0.0,0.0,0.0,0.0,0.0,512970.0,512970,2026/4/27 12:13:36
2025-08-27,1.432,1.457,1.412,1.421,605800.0,860841.8,3.19,-0.35,-0.0,0.0,0.0,0.0,0.0,512970.0,512970,2026/4/27 12:13:36
2025-08-28,1.421,1.442,1.407,1.442,1059000.0,1527078.0,2.49,1.48,0.02,0.0,0.0,0.0,0.0,512970.0,512970,2026/4/27 12:13:36
2025-08-29,1.444,1.465,1.443,1.464,447000.0,654408.0,1.52,1.53,0.02,0.0,0.0,0.0,0.0,512970.0,512970,2026/4/27 12:13:36
2025-09-01,1.464,1.474,1.447,1.46,245200.0,357992.0,1.87,-0.27,-0.0,0.0,0.0,0.0,0.0,512970.0,512970,2026/4/27 12:13:36
2025-09-02,1.452,1.47,1.423,1.458,591500.0,862407.0,3.3,-0.14,-0.0,0.0,0.0,0.0,0.0,512970.0,512970,2026/4/27 12:13:36
2025-09-03,1.448,1.448,1.385,1.409,661100.0,931489.9,4.55,-3.36,-0.05,0.0,0.0,0.0,0.0,512970.0,512970,2026/4/27 12:13:36
2025-09-04,1.419,1.428,1.38,1.389,186900.0,259604.1,3.48,-1.42,-0.02,0.0,0.0,0.0,0.0,512970.0,512970,2026/4/27 12:13:36
2025-09-05,1.38,1.433,1.38,1.43,158200.0,226226.0,3.84,2.95,0.04,0.0,0.0,0.0,0.0,512970.0,512970,2026/4/27 12:13:36
2025-09-08,1.435,1.45,1.433,1.442,352300.0,508016.6,1.19,0.84,0.01,0.0,0.0,0.0,0.0,512970.0,512970,2026/4/27 12:13:36
2025-09-09,1.436,1.437,1.42,1.42,93100.0,132202.0,1.2,-1.53,-0.02,0.0,0.0,0.0,0.0,512970.0,512970,2026/4/27 12:13:36
2025-09-10,1.42,1.436,1.42,1.43,32500.0,46475.0,1.13,0.7,0.01,0.0,0.0,0.0,0.0,512970.0,512970,2026/4/27 12:13:36
2025-09-11,1.428,1.489,1.428,1.484,775400.0,1150693.6,4.27,3.78,0.05,0.0,0.0,0.0,0.0,512970.0,512970,2026/4/27 12:13:36
2025-09-12,1.496,1.505,1.485,1.492,377200.0,562782.4,1.35,0.54,0.01,0.0,0.0,0.0,0.0,512970.0,512970,2026/4/27 12:13:36
2025-09-15,1.492,1.492,1.482,1.482,151000.0,223782.0,0.67,-0.67,-0.01,0.0,0.0,0.0,0.0,512970.0,512970,2026/4/27 12:13:36
2025-09-16,1.483,1.495,1.474,1.484,51900.0,77019.6,1.42,0.13,0.0,0.0,0.0,0.0,0.0,512970.0,512970,2026/4/27 12:13:36
2025-09-17,1.474,1.492,1.474,1.49,196300.0,292487.0,1.22,0.4,0.01,0.0,0.0,0.0,0.0,512970.0,512970,2026/4/27 12:13:36
2025-09-18,1.47,1.515,1.47,1.49,153100.0,228119.0,3.06,0.0,0.0,0.0,0.0,0.0,0.0,512970.0,512970,2026/4/27 12:13:36
2025-09-19,1.488,1.502,1.485,1.493,27600.0,41206.8,1.14,0.2,0.0,0.0,0.0,0.0,0.0,512970.0,512970,2026/4/27 12:13:36
2025-09-22,1.499,1.516,1.497,1.513,225100.0,340576.3,1.27,1.34,0.02,0.0,0.0,0.0,0.0,512970.0,512970,2026/4/27 12:13:36
2025-09-23,1.523,1.535,1.494,1.505,347100.0,522385.5,2.74,-0.53,-0.01,0.0,0.0,0.0,0.0,512970.0,512970,2026/4/27 12:13:36
2025-09-24,1.506,1.536,1.495,1.536,462000.0,709632.0,2.74,2.06,0.03,0.0,0.0,0.0,0.0,512970.0,512970,2026/4/27 12:13:36
2025-09-25,1.535,1.547,1.524,1.545,245900.0,379915.5,1.51,0.59,0.01,0.0,0.0,0.0,0.0,512970.0,512970,2026/4/27 12:13:36
2025-09-26,1.533,1.54,1.508,1.511,170000.0,256870.0,2.12,-2.2,-0.03,0.0,0.0,0.0,0.0,512970.0,512970,2026/4/27 12:13:36
2025-09-29,1.511,1.533,1.507,1.526,555800.0,848150.8,1.73,0.99,0.02,0.0,0.0,0.0,0.0,512970.0,512970,2026/4/27 12:13:36
2025-09-30,1.522,1.537,1.522,1.536,120700.0,185395.2,0.99,0.66,0.01,0.0,0.0,0.0,0.0,512970.0,512970,2026/4/27 12:13:36
2025-10-09,1.54,1.569,1.54,1.565,648300.0,1014589.5,1.88,1.89,0.03,0.0,0.0,0.0,0.0,512970.0,512970,2026/4/27 12:13:36
2025-10-10,1.565,1.565,1.518,1.518,452700.0,687198.6,3.1,-3.0,-0.05,0.0,0.0,0.0,0.0,512970.0,512970,2026/4/27 12:13:36
2025-10-13,1.518,1.518,1.472,1.5,404300.0,606450.0,3.13,-1.19,-0.02,0.0,0.0,0.0,0.0,512970.0,512970,2026/4/27 12:13:36
2025-10-14,1.51,1.521,1.484,1.494,312200.0,466426.8,2.49,-0.4,-0.01,0.0,0.0,0.0,0.0,512970.0,512970,2026/4/27 12:13:36
2025-10-15,1.473,1.503,1.467,1.496,276000.0,412896.0,2.45,0.13,0.0,0.0,0.0,0.0,0.0,512970.0,512970,2026/4/27 12:13:36
2025-10-16,1.501,1.518,1.501,1.509,100000.0,150900.0,1.13,0.87,0.01,0.0,0.0,0.0,0.0,512970.0,512970,2026/4/27 12:13:36
2025-10-17,1.517,1.517,1.455,1.455,137200.0,199626.0,4.26,-3.58,-0.05,0.0,0.0,0.0,0.0,512970.0,512970,2026/4/27 12:13:36
2025-10-20,1.459,1.472,1.459,1.465,66200.0,96983.0,0.89,0.69,0.01,0.0,0.0,0.0,0.0,512970.0,512970,2026/4/27 12:13:36
2025-10-21,1.466,1.5,1.466,1.497,63700.0,95358.9,2.32,2.18,0.03,0.0,0.0,0.0,0.0,512970.0,512970,2026/4/27 12:13:36
2025-10-22,1.497,1.497,1.476,1.489,112300.0,167214.7,1.42,-0.53,-0.01,0.0,0.0,0.0,0.0,512970.0,512970,2026/4/27 12:13:36
2025-10-23,1.49,1.579,1.468,1.488,1722800.0,2563526.4,7.56,-0.07,-0.0,0.0,0.0,0.0,0.0,512970.0,512970,2026/4/27 12:13:36
2025-10-24,1.491,1.515,1.491,1.515,1003800.0,1520757.0,1.61,1.81,0.03,0.0,0.0,0.0,0.0,512970.0,512970,2026/4/27 12:13:36
2025-10-27,1.529,1.566,1.515,1.548,468000.0,724464.0,3.37,2.18,0.03,0.0,0.0,0.0,0.0,512970.0,512970,2026/4/27 12:13:36
2025-10-28,1.548,1.551,1.528,1.543,422800.0,652380.4,1.51,-0.32,-0.01,0.0,0.0,0.0,0.0,512970.0,512970,2026/4/27 12:13:36
2025-10-29,1.544,1.566,1.544,1.566,162200.0,254005.2,1.42,1.49,0.02,0.0,0.0,0.0,0.0,512970.0,512970,2026/4/27 12:13:36
2025-10-30,1.566,1.573,1.55,1.557,153900.0,239622.3,1.48,-0.57,-0.01,0.0,0.0,0.0,0.0,512970.0,512970,2026/4/27 12:13:36
2025-10-31,1.585,1.585,1.523,1.527,430900.0,657984.3,4.07,-1.93,-0.03,0.0,0.0,0.0,0.0,512970.0,512970,2026/4/27 12:13:36
2025-11-03,1.518,1.529,1.504,1.527,161100.0,245999.7,1.66,0.0,0.0,0.0,0.0,0.0,0.0,512970.0,512970,2026/4/27 12:13:36
2025-11-04,1.517,1.529,1.505,1.505,67500.0,101587.5,1.59,-1.44,-0.02,0.0,0.0,0.0,0.0,512970.0,512970,2026/4/27 12:13:36
2025-11-05,1.495,1.508,1.473,1.507,96900.0,146028.3,2.38,0.13,0.0,0.0,0.0,0.0,0.0,512970.0,512970,2026/4/27 12:13:36
2025-11-06,1.507,1.525,1.507,1.525,151400.0,230885.0,1.19,1.19,0.02,0.0,0.0,0.0,0.0,512970.0,512970,2026/4/27 12:13:36
2025-11-07,1.515,1.528,1.515,1.519,42700.0,64861.3,0.86,-0.39,-0.01,0.0,0.0,0.0,0.0,512970.0,512970,2026/4/27 12:13:36
2025-11-10,1.529,1.529,1.5,1.516,209400.0,317450.4,1.93,-0.2,-0.0,0.0,0.0,0.0,0.0,512970.0,512970,2026/4/27 12:13:36
2025-11-11,1.516,1.519,1.5,1.502,151800.0,228003.6,1.27,-0.92,-0.01,0.0,0.0,0.0,0.0,512970.0,512970,2026/4/27 12:13:36
2025-11-12,1.5,1.502,1.478,1.495,251700.0,376291.5,1.62,-0.47,-0.01,0.0,0.0,0.0,0.0,512970.0,512970,2026/4/27 12:13:36
2025-11-13,1.495,1.52,1.495,1.514,416300.0,630278.2,1.67,1.27,0.02,0.0,0.0,0.0,0.0,512970.0,512970,2026/4/27 12:13:36
2025-11-14,1.502,1.544,1.485,1.485,114500.0,170032.5,3.97,-1.92,-0.03,0.0,0.0,0.0,0.0,512970.0,512970,2026/4/27 12:13:36
2025-11-17,1.485,1.485,1.473,1.48,63100.0,93388.0,0.81,-0.34,-0.01,0.0,0.0,0.0,0.0,512970.0,512970,2026/4/27 12:13:36
2025-11-18,1.471,1.49,1.463,1.463,129500.0,189458.5,1.85,-1.15,-0.02,0.0,0.0,0.0,0.0,512970.0,512970,2026/4/27 12:13:36
2025-11-19,1.47,1.473,1.455,1.465,1073300.0,1572384.5,1.24,0.14,0.0,0.0,0.0,0.0,0.0,512970.0,512970,2026/4/27 12:13:36
2025-11-20,1.461,1.471,1.447,1.451,645800.0,937055.8,1.66,-0.96,-0.01,0.0,0.0,0.0,0.0,512970.0,512970,2026/4/27 12:13:36
2025-11-21,1.441,1.441,1.404,1.408,426900.0,601075.2,2.64,-2.96,-0.04,0.0,0.0,0.0,0.0,512970.0,512970,2026/4/27 12:13:36
2025-11-24,1.418,1.418,1.391,1.401,280200.0,392560.2,1.94,-0.5,-0.01,0.0,0.0,0.0,0.0,512970.0,512970,2026/4/27 12:13:36
2025-11-25,1.411,1.434,1.405,1.424,177500.0,252760.0,2.06,1.64,0.02,0.0,0.0,0.0,0.0,512970.0,512970,2026/4/27 12:13:36
2025-11-26,1.426,1.449,1.426,1.44,72900.0,104976.0,1.61,1.12,0.02,0.0,0.0,0.0,0.0,512970.0,512970,2026/4/27 12:13:36
2025-11-27,1.45,1.46,1.439,1.44,349400.0,503136.0,1.46,0.0,0.0,0.0,0.0,0.0,0.0,512970.0,512970,2026/4/27 12:13:36
2025-11-28,1.436,1.45,1.436,1.45,117200.0,169940.0,0.97,0.69,0.01,0.0,0.0,0.0,0.0,512970.0,512970,2026/4/27 12:13:36
2025-12-01,1.45,1.462,1.45,1.462,85200.0,124562.4,0.83,0.83,0.01,0.0,0.0,0.0,0.0,512970.0,512970,2026/4/27 12:13:36
2025-12-02,1.463,1.475,1.459,1.468,127000.0,186436.0,1.1,0.41,0.01,0.0,0.0,0.0,0.0,512970.0,512970,2026/4/27 12:13:36
2025-12-03,1.47,1.47,1.45,1.451,62100.0,90107.1,1.38,-1.16,-0.02,0.0,0.0,0.0,0.0,512970.0,512970,2026/4/27 12:13:36
2025-12-04,1.45,1.456,1.437,1.454,34400.0,50017.6,1.32,0.21,0.0,0.0,0.0,0.0,0.0,512970.0,512970,2026/4/27 12:13:36
2025-12-05,1.446,1.466,1.446,1.46,29900.0,43654.0,1.38,0.41,0.01,0.0,0.0,0.0,0.0,512970.0,512970,2026/4/27 12:13:36
2025-12-08,1.463,1.493,1.463,1.488,234700.0,349233.6,2.05,1.92,0.03,0.0,0.0,0.0,0.0,512970.0,512970,2026/4/27 12:13:36
2025-12-09,1.493,1.5,1.478,1.48,974746.0,1442624.08,1.49,-0.54,-0.01,0.0,0.0,0.0,0.0,512970.0,512970,2026/4/27 12:13:36
2025-12-10,1.482,1.484,1.465,1.484,143000.0,212212.0,1.3,0.27,0.0,0.0,0.0,0.0,0.0,512970.0,512970,2026/4/27 12:13:36
2025-12-11,1.482,1.484,1.461,1.464,75800.0,110971.2,1.57,-1.35,-0.02,0.0,0.0,0.0,0.0,512970.0,512970,2026/4/27 12:13:36
2025-12-12,1.454,1.482,1.451,1.476,221200.0,326491.2,2.14,0.82,0.01,0.0,0.0,0.0,0.0,512970.0,512970,2026/4/27 12:13:36
2025-12-15,1.467,1.471,1.456,1.46,408400.0,596264.0,1.03,-1.08,-0.02,0.0,0.0,0.0,0.0,512970.0,512970,2026/4/27 12:13:36
2025-12-16,1.456,1.456,1.443,1.449,182800.0,264877.2,0.9,-0.75,-0.01,0.0,0.0,0.0,0.0,512970.0,512970,2026/4/27 12:13:36
2025-12-17,1.455,1.486,1.455,1.478,776600.0,1147814.8,2.13,2.0,0.03,0.0,0.0,0.0,0.0,512970.0,512970,2026/4/27 12:13:36
2025-12-18,1.46,1.481,1.46,1.469,392300.0,576288.7,1.44,-0.61,-0.01,0.0,0.0,0.0,0.0,512970.0,512970,2026/4/27 12:13:36
2025-12-19,1.467,1.476,1.463,1.463,359100.0,525363.3,0.89,-0.41,-0.01,0.0,0.0,0.0,0.0,512970.0,512970,2026/4/27 12:13:36
2025-12-22,1.469,1.487,1.469,1.483,337900.0,501105.7,1.23,1.37,0.02,0.0,0.0,0.0,0.0,512970.0,512970,2026/4/27 12:13:36
2025-12-23,1.488,1.5,1.488,1.49,265700.0,395893.0,0.81,0.47,0.01,0.0,0.0,0.0,0.0,512970.0,512970,2026/4/27 12:13:36
2025-12-24,1.501,1.516,1.497,1.514,266100.0,402875.4,1.27,1.61,0.02,0.0,0.0,0.0,0.0,512970.0,512970,2026/4/27 12:13:36
2025-12-25,1.517,1.526,1.512,1.519,197100.0,299394.9,0.93,0.33,0.0,0.0,0.0,0.0,0.0,512970.0,512970,2026/4/27 12:13:36
2025-12-26,1.538,1.556,1.512,1.522,1802400.0,2743252.8,2.91,0.2,0.0,0.0,0.0,0.0,0.0,512970.0,512970,2026/4/27 12:13:36
2025-12-29,1.537,1.537,1.507,1.514,1160700.0,1757299.8,1.99,-0.53,-0.01,0.0,0.0,0.0,0.0,512970.0,512970,2026/4/27 12:13:36
2025-12-30,1.515,1.523,1.505,1.516,179700.0,272425.2,1.2,0.13,0.0,0.0,0.0,0.0,0.0,512970.0,512970,2026/4/27 12:13:36
2025-12-31,1.516,1.518,1.496,1.504,523200.0,786892.8,1.47,-0.79,-0.01,0.0,0.0,0.0,0.0,512970.0,512970,2026/4/27 12:13:36
2026-01-05,1.502,1.547,1.502,1.546,1039100.0,1606448.6,3.0,2.79,0.04,0.0,0.0,0.0,0.0,512970.0,512970,2026/4/27 12:13:36
2026-01-06,1.538,1.569,1.538,1.569,2023500.0,3174871.5,2.02,1.49,0.02,0.0,0.0,0.0,0.0,512970.0,512970,2026/4/27 12:13:36
2026-01-07,1.579,1.58,1.549,1.566,827600.0,1296021.6,2.0,-0.19,-0.0,0.0,0.0,0.0,0.0,512970.0,512970,2026/4/27 12:13:36
2026-01-08,1.558,1.558,1.54,1.543,163100.0,251663.3,1.17,-1.47,-0.02,0.0,0.0,0.0,0.0,512970.0,512970,2026/4/27 12:13:36
2026-01-09,1.539,1.563,1.539,1.553,486000.0,754758.0,1.56,0.65,0.01,0.0,0.0,0.0,0.0,512970.0,512970,2026/4/27 12:13:36
2026-01-12,1.565,1.63,1.543,1.569,542000.0,850398.0,5.64,1.03,0.02,0.0,0.0,0.0,0.0,512970.0,512970,2026/4/27 12:13:36
2026-01-13,1.569,1.57,1.546,1.546,223400.0,345376.4,1.55,-1.47,-0.02,0.0,0.0,0.0,0.0,512970.0,512970,2026/4/27 12:13:36
2026-01-14,1.527,1.562,1.527,1.544,197100.0,304322.4,2.29,-0.13,-0.0,0.0,0.0,0.0,0.0,512970.0,512970,2026/4/27 12:13:36
2026-01-15,1.558,1.558,1.535,1.544,511000.0,788984.0,1.5,0.0,0.0,0.0,0.0,0.0,0.0,512970.0,512970,2026/4/27 12:13:36
2026-01-16,1.559,1.587,1.553,1.57,502700.0,789239.0,2.19,1.68,0.03,0.0,0.0,0.0,0.0,512970.0,512970,2026/4/27 12:13:36
2026-01-19,1.562,1.569,1.553,1.566,169100.0,264810.6,1.03,-0.25,-0.0,0.0,0.0,0.0,0.0,512970.0,512970,2026/4/27 12:13:36
2026-01-20,1.55,1.591,1.53,1.55,369500.0,572725.0,3.99,-1.02,-0.02,0.0,0.0,0.0,0.0,512970.0,512970,2026/4/27 12:13:36
2026-01-21,1.533,1.559,1.533,1.548,66000.0,102168.0,1.7,-0.13,-0.0,0.0,0.0,0.0,0.0,512970.0,512970,2026/4/27 12:13:36
2026-01-22,1.56,1.565,1.551,1.559,75200.0,117236.8,0.9,0.71,0.01,0.0,0.0,0.0,0.0,512970.0,512970,2026/4/27 12:13:36
2026-01-23,1.563,1.614,1.522,1.563,2135700.0,3338099.1,6.04,0.26,0.0,0.0,0.0,0.0,0.0,512970.0,512970,2026/4/27 12:13:36
2026-01-26,1.563,1.563,1.551,1.562,91500.0,142923.0,0.77,-0.06,-0.0,0.0,0.0,0.0,0.0,512970.0,512970,2026/4/27 12:13:36
2026-01-27,1.562,1.562,1.53,1.557,252400.0,392986.8,2.09,-0.32,-0.01,0.0,0.0,0.0,0.0,512970.0,512970,2026/4/27 12:13:36
2026-01-28,1.559,1.559,1.54,1.548,374776.0,580153.25,1.23,-0.58,-0.01,0.0,0.0,0.0,0.0,512970.0,512970,2026/4/27 12:13:36
2026-01-29,1.533,1.56,1.531,1.536,307200.0,471859.2,1.89,-0.78,-0.01,0.0,0.0,0.0,0.0,512970.0,512970,2026/4/27 12:13:36
2026-01-30,1.529,1.56,1.502,1.517,833800.0,1264874.6,3.86,-1.24,-0.02,0.0,0.0,0.0,0.0,512970.0,512970,2026/4/27 12:13:36
2026-02-02,1.502,1.517,1.477,1.477,1050900.0,1552179.3,2.71,-2.64,-0.04,0.0,0.0,0.0,0.0,512970.0,512970,2026/4/27 12:13:36
2026-02-03,1.477,1.516,1.476,1.504,924500.0,1390448.0,2.71,1.83,0.03,0.0,0.0,0.0,0.0,512970.0,512970,2026/4/27 12:13:36
2026-02-04,1.495,1.503,1.487,1.503,125800.0,189077.4,1.08,-0.07,-0.0,0.0,0.0,0.0,0.0,512970.0,512970,2026/4/27 12:13:36
2026-02-05,1.504,1.504,1.486,1.496,384100.0,574613.6,1.21,-0.47,-0.01,0.0,0.0,0.0,0.0,512970.0,512970,2026/4/27 12:13:36
2026-02-06,1.479,1.507,1.479,1.494,397300.0,593566.2,1.89,-0.13,-0.0,0.0,0.0,0.0,0.0,512970.0,512970,2026/4/27 12:13:36
2026-02-09,1.517,1.52,1.51,1.52,207800.0,315856.0,0.66,1.74,0.03,0.0,0.0,0.0,0.0,512970.0,512970,2026/4/27 12:13:36
2026-02-10,1.517,1.525,1.517,1.518,7556100.0,11470159.8,0.53,-0.13,-0.0,0.0,0.0,0.0,0.0,512970.0,512970,2026/4/27 12:13:36
2026-02-11,1.512,1.524,1.509,1.509,7799100.0,11768841.9,0.99,-0.59,-0.01,0.0,0.0,0.0,0.0,512970.0,512970,2026/4/27 12:13:36
2026-02-12,1.509,1.518,1.505,1.518,8241400.0,12510445.2,0.86,0.6,0.01,0.0,0.0,0.0,0.0,512970.0,512970,2026/4/27 12:13:36
2026-02-13,1.518,1.521,1.494,1.504,8899300.0,13384547.2,1.81,-0.92,-0.01,0.0,0.0,0.0,0.0,512970.0,512970,2026/4/27 12:13:36
2026-02-24,1.512,1.528,1.504,1.509,8238500.0,12431896.5,1.6,0.33,0.0,0.0,0.0,0.0,0.0,512970.0,512970,2026/4/27 12:13:36
2026-02-25,1.51,1.546,1.51,1.531,1580400.0,2419592.4,2.38,1.46,0.02,0.0,0.0,0.0,0.0,512970.0,512970,2026/4/27 12:13:36
2026-02-26,1.536,1.539,1.521,1.531,810800.0,1241334.8,1.18,0.0,0.0,0.0,0.0,0.0,0.0,512970.0,512970,2026/4/27 12:13:36
2026-02-27,1.529,1.529,1.521,1.527,6633000.0,10128591.0,0.53,-0.26,-0.0,0.0,0.0,0.0,0.0,512970.0,512970,2026/4/27 12:13:36
2026-03-02,1.51,1.532,1.506,1.518,7279900.0,11050888.2,1.73,-0.59,-0.01,0.0,0.0,0.0,0.0,512970.0,512970,2026/4/27 12:13:36
2026-03-03,1.519,1.52,1.478,1.486,56300.0,83661.8,2.84,-2.11,-0.03,0.0,0.0,0.0,0.0,512970.0,512970,2026/4/27 12:13:36
2026-03-04,1.473,1.485,1.464,1.475,910100.0,1342397.5,1.43,-0.74,-0.01,0.0,0.0,0.0,0.0,512970.0,512970,2026/4/27 12:13:36
2026-03-05,1.477,1.49,1.475,1.476,830400.0,1225670.4,1.02,0.07,0.0,0.0,0.0,0.0,0.0,512970.0,512970,2026/4/27 12:13:36
2026-03-06,1.472,1.483,1.472,1.483,503100.0,746097.3,0.75,0.47,0.01,0.0,0.0,0.0,0.0,512970.0,512970,2026/4/27 12:13:36
2026-03-09,1.472,1.472,1.438,1.467,1148100.0,1684262.7,2.36,-1.08,-0.02,0.0,0.0,0.0,0.0,512970.0,512970,2026/4/27 12:13:36
2026-03-10,1.472,1.499,1.472,1.498,1727000.0,2587046.0,1.83,2.11,0.03,0.0,0.0,0.0,0.0,512970.0,512970,2026/4/27 12:13:36
2026-03-11,1.483,1.515,1.483,1.51,247300.0,373423.0,2.16,0.8,0.01,0.0,0.0,0.0,0.0,512970.0,512970,2026/4/27 12:13:36
2026-03-12,1.51,1.521,1.483,1.492,1472500.0,2196970.0,2.56,-1.19,-0.02,0.0,0.0,0.0,0.0,512970.0,512970,2026/4/27 12:13:36
2026-03-13,1.492,1.5,1.484,1.5,781700.0,1172550.0,1.08,0.54,0.01,0.0,0.0,0.0,0.0,512970.0,512970,2026/4/27 12:13:36
2026-03-16,1.5,1.5,1.47,1.497,1700700.0,2545947.9,2.04,-0.2,-0.0,0.0,0.0,0.0,0.0,512970.0,512970,2026/4/27 12:13:36
2026-03-17,1.486,1.512,1.483,1.483,1296700.0,1923006.1,1.96,-0.94,-0.01,0.0,0.0,0.0,0.0,512970.0,512970,2026/4/27 12:13:36
2026-03-18,1.482,1.493,1.473,1.489,1166200.0,1736471.8,1.36,0.4,0.01,0.0,0.0,0.0,0.0,512970.0,512970,2026/4/27 12:13:36
2026-03-19,1.489,1.489,1.465,1.465,319500.0,468067.5,1.64,-1.61,-0.02,0.0,0.0,0.0,0.0,512970.0,512970,2026/4/27 12:13:36
2026-03-20,1.465,1.475,1.46,1.46,228000.0,332880.0,1.03,-0.34,-0.01,0.0,0.0,0.0,0.0,512970.0,512970,2026/4/27 12:13:36
2026-03-23,1.411,1.481,1.411,1.425,65400.0,93195.0,4.96,-2.4,-0.03,0.0,0.0,0.0,0.0,512970.0,512970,2026/4/27 12:13:36
2026-03-24,1.387,1.469,1.387,1.429,480400.0,686491.6,5.91,0.28,0.0,0.0,0.0,0.0,0.0,512970.0,512970,2026/4/27 12:13:36
2026-03-25,1.468,1.468,1.42,1.447,1064800.0,1540765.6,3.38,1.26,0.02,0.0,0.0,0.0,0.0,512970.0,512970,2026/4/27 12:13:36
2026-03-26,1.472,1.472,1.417,1.427,206600.0,294818.2,3.88,-1.38,-0.02,0.0,0.0,0.0,0.0,512970.0,512970,2026/4/27 12:13:36
2026-03-27,1.414,1.434,1.413,1.431,78300.0,112047.3,1.49,0.28,0.0,0.0,0.0,0.0,0.0,512970.0,512970,2026/4/27 12:13:36
2026-03-30,1.429,1.429,1.406,1.417,1206000.0,1708902.0,1.64,-0.98,-0.01,0.0,0.0,0.0,0.0,512970.0,512970,2026/4/27 12:13:36
2026-03-31,1.397,1.436,1.397,1.412,213600.0,301603.2,2.79,-0.35,-0.01,0.0,0.0,0.0,0.0,512970.0,512970,2026/4/27 12:13:36
2026-04-01,1.466,1.466,1.421,1.421,930700.0,1322524.7,3.17,0.64,0.01,0.0,0.0,0.0,0.0,512970.0,512970,2026/4/27 12:13:36
2026-04-02,1.419,1.42,1.4,1.4,105600.0,147840.0,1.43,-1.48,-0.02,0.0,0.0,0.0,0.0,512970.0,512970,2026/4/27 12:13:36
2026-04-03,1.392,1.406,1.383,1.383,856000.0,1183848.0,1.66,-1.21,-0.02,0.0,0.0,0.0,0.0,512970.0,512970,2026/4/27 12:13:36
2026-04-07,1.4,1.401,1.376,1.376,1862700.0,2563075.2,1.82,-0.51,-0.01,0.0,0.0,0.0,0.0,512970.0,512970,2026/4/27 12:13:36
2026-04-08,1.419,1.472,1.418,1.472,1108100.0,1631123.2,3.81,6.98,0.1,0.0,0.0,0.0,0.0,512970.0,512970,2026/4/27 12:13:36
2026-04-09,1.472,1.472,1.43,1.444,850600.0,1228266.4,2.94,-1.9,-0.03,0.0,0.0,0.0,0.0,512970.0,512970,2026/4/27 12:13:36
2026-04-10,1.442,1.477,1.442,1.477,290100.0,428477.7,2.43,2.29,0.03,0.0,0.0,0.0,0.0,512970.0,512970,2026/4/27 12:13:36
2026-04-13,1.477,1.489,1.468,1.477,409600.0,604979.2,1.43,0.0,0.0,0.0,0.0,0.0,0.0,512970.0,512970,2026/4/27 12:13:36
2026-04-14,1.497,1.538,1.488,1.537,1674700.0,2574013.9,3.36,4.06,0.06,0.0,0.0,0.0,0.0,512970.0,512970,2026/4/27 12:13:36
2026-04-15,1.564,1.564,1.5,1.51,1203100.0,1816681.0,4.27,-1.76,-0.03,0.0,0.0,0.0,0.0,512970.0,512970,2026/4/27 12:13:36
2026-04-16,1.504,1.532,1.503,1.532,1097500.0,1681370.0,1.93,1.46,0.02,0.0,0.0,0.0,0.0,512970.0,512970,2026/4/27 12:13:36
2026-04-17,1.511,1.533,1.511,1.527,125600.0,191791.2,1.46,-0.33,-0.01,0.0,0.0,0.0,0.0,512970.0,512970,2026/4/27 12:13:36
2026-04-20,1.527,1.564,1.527,1.56,1134500.0,1769820.0,2.42,2.16,0.03,0.0,0.0,0.0,0.0,512970.0,512970,2026/4/27 12:13:36
2026-04-21,1.56,1.56,1.529,1.543,203300.0,313691.9,2.03,-1.09,-0.02,0.0,0.0,0.0,0.0,512970.0,512970,2026/4/27 12:13:36
2026-04-22,1.543,1.581,1.543,1.573,1223400.0,1924408.2,2.46,1.94,0.03,0.0,0.0,0.0,0.0,512970.0,512970,2026/4/27 12:13:36
2026-04-23,1.566,1.592,1.561,1.573,1342300.0,2111437.9,1.99,0.0,0.0,0.0,0.0,0.0,0.0,512970.0,512970,2026/4/27 12:13:36
2026-04-24,1.573,1.573,1.535,1.546,963200.0,1489107.2,2.48,-1.72,-0.03,0.0,0.0,0.0,0.0,512970.0,512970,2026/4/27 12:13:36
2026-04-27,1.547,1.59,1.547,1.59,1160400.0,1845036.0,2.78,2.85,0.04,0.0,0.0,0.0,0.0,512970.0,512970,2026/4/28 02:25:37
2026-04-28,1.582,1.582,1.562,1.562,501700.0,0.0,1.26,-1.76,-0.03,0.0,,,512970.0,,2026-04-30 21:49:22,
2026-04-29,1.567,1.588,1.567,1.588,2588900.0,0.0,1.34,1.66,0.03,0.0,,,512970.0,,2026-04-30 21:49:22,
2026-04-30,1.586,1.586,1.563,1.583,210400.0,0.0,1.45,-0.31,-0.01,0.0,,,512970.0,,2026-04-30 21:49:22,
2026-05-06,1.583,1.618,1.583,1.605,1246700.0,,2.21,1.39,0.02,0.0,,,512970.0,,2026-05-23 04:12:50,
2026-05-07,1.604,1.624,1.604,1.624,122200.0,,1.25,1.18,0.02,0.0,,,512970.0,,2026-05-23 04:12:50,
2026-05-08,1.622,1.73,1.619,1.661,770600.0,,6.83,2.28,0.04,0.0,,,512970.0,,2026-05-23 04:12:50,
2026-05-11,1.709,1.709,1.645,1.672,993000.0,,3.85,0.66,0.01,0.0,,,512970.0,,2026-05-23 04:12:50,
2026-05-12,1.672,1.673,1.654,1.664,235600.0,,1.14,-0.48,-0.01,0.0,,,512970.0,,2026-05-23 04:12:50,
2026-05-13,1.677,1.7,1.66,1.69,926000.0,,2.4,1.56,0.03,0.0,,,512970.0,,2026-05-23 04:12:50,
2026-05-14,1.701,1.75,1.67,1.68,1047100.0,,4.73,-0.59,-0.01,0.0,,,512970.0,,2026-05-23 04:12:50,
2026-05-15,1.74,1.76,1.634,1.644,716400.0,,7.5,-2.14,-0.04,0.0,,,512970.0,,2026-05-23 04:12:50,
2026-05-18,1.636,1.64,1.614,1.624,622500.0,,1.58,-1.22,-0.02,0.0,,,512970.0,,2026-05-23 04:12:50,
2026-05-19,1.621,1.635,1.609,1.628,695700.0,,1.6,0.25,0.0,0.0,,,512970.0,,2026-05-23 04:12:50,
2026-05-20,1.612,1.628,1.601,1.618,454100.0,,1.66,-0.61,-0.01,0.0,,,512970.0,,2026-05-23 04:12:50,
2026-05-21,1.634,1.66,1.602,1.65,425200.0,,3.58,1.98,0.03,0.0,,,512970.0,,2026-05-23 04:12:50,
2026-05-22,1.662,1.662,1.602,1.639,655500.0,,3.64,-0.67,-0.01,0.0,,,512970.0,,2026-05-23 04:12:50,
2026-05-25,1.65,1.67,1.65,1.67,192600.0,,1.22,1.89,0.03,0.0,,,512970.0,,2026-05-26 04:52:40,
2026-05-26,1.67,1.67,1.653,1.668,348300.0,,1.02,-0.12,-0.0,0.0,,,512970.0,,2026-05-27 05:00:19,
2026-05-27,1.67,1.679,1.65,1.65,171700.0,283305.0,0.0,0.0,,0.0,0.0,0.0,0.0,512970,大湾区ETF平安,2026-06-05 10:03:11
2026-05-28,1.642,1.664,1.634,1.662,426800.0,709341.57,1.82,0.73,0.012,0.0,0.0,0.0,0.0,512970,大湾区ETF平安,2026-06-05 10:03:11
2026-05-29,1.679,1.679,1.633,1.672,442000.0,739024.02,2.77,0.6,0.01,0.0,0.0,0.0,0.0,512970,大湾区ETF平安,2026-06-05 10:03:11
2026-06-01,1.662,1.662,1.604,1.651,2097200.0,3462477.25,3.47,-1.26,-0.021,0.0,0.0,0.0,0.0,512970,大湾区ETF平安,2026-06-05 10:03:11
2026-06-02,1.634,1.646,1.601,1.639,452900.0,742303.13,2.73,-0.73,-0.012,0.0,0.0,0.0,0.0,512970,大湾区ETF平安,2026-06-05 10:03:11
2026-06-03,1.624,1.67,1.624,1.636,287500.0,470350.01,2.81,-0.18,-0.003,0.0,0.0,0.0,0.0,512970,大湾区ETF平安,2026-06-05 10:03:11
2026-06-04,,,,,537100.0,,0.0,0.0,,0.0,0.0,0.0,0.0,512970,大湾区ETF平安,2026-06-05 10:03:11
